Car Brand,Car Model,Manufacture Year,Sales Date,Sale Country,Price
Wrong Brand,Q5,1983,2020-06-12,Chile,29146
Ford,Escape,1974,2021-10-14,Egypt,65471
Audi,Q5,1994,2023-02-12,Djibouti,74089
Honda,CR-V,2008,2020-02-09,Moldova,48602
Ford,Explorer,2008,2022-10-21,Turkmenistan,24914
Ford,Escape,2002,2022-02-09,Samoa,39986
Audi,Q7,1975,2020-07-14,Montenegro,37413
Chevrolet,Cruze,2009,1986-06-16,Namibia,19375
Ford,F-150,1995,2023-11-12,Denmark,73719
Ford,Focus,1994,2020-12-14,Moldova,75012
BMW,X3,2022,2013-01-07,Cook Islands,23167
Honda,Odyssey,2021,2023-03-13,Grenada,51690
Volkswagen,Passat,1972,2020-01-22,Monaco,677080
Mercedes-Benz,E-Class,2004,2020-04-03,Somalia,32124
Honda,Civic,1992,2022-08-02,Senegal,62378
Volkswagen,Atlas,1992,2022-11-02,Russian Federation,34376
Toyota,Tacoma,2022,2022-10-28,Congo,58541
BMW,X3,1979,2023-11-20,Eritrea,65811
BMW,7 Series,2017,2023-09-11,Luxembourg,76236
Honda,Odyssey,1974,2019-06-17,Falkland Islands (Malvinas),67123
Honda,Odyssey,1987,2019-03-03,Haiti,51230
BMW,X5,1985,2020-10-15,South Georgia and the South Sandwich Islands,50956
Ford,F-150,1992,2020-01-12,Sri Lanka,69193
Nissan,Altima,1995,2022-02-11,Turkmenistan,67628
Ford,Explorer,2016,2023-10-25,Chad,51710
Honda,Accord,1992,2022-01-10,United Kingdom,58924
Volkswagen,Tiguan,2015,2019-07-22,Slovakia (Slovak Republic),67773
Nissan,Sentra,1996,2023-02-26,Guam,69234
Chevrolet,Silverado,2009,2021-03-29,Liberia,61403
Nissan,Titan,2006,2023-01-20,Iceland,58289
Ford,Mustang,1977,2022-10-06,Burkina Faso,19223
Ford,F-150,2007,2019-05-29,Korea,41216
Ford,Focus,2019,2023-08-10,Haiti,58240
Audi,A6,2007,2019-11-07,Sierra Leone,79704
Volkswagen,Jetta,1996,2023-02-27,South Georgia and the South Sandwich Islands,75893
Mercedes-Benz,GLE,1982,2021-02-08,Bangladesh,62077
Mercedes-Benz,GLC,1992,2020-04-05,Indonesia,41550
Chevrolet,Silverado,1973,2022-06-06,Netherlands,11133
Ford,Escape,2003,2020-12-26,Belgium,77962
Mercedes-Benz,C-Class,2016,2021-05-19,Costa Rica,33181
Nissan,Rogue,1976,2019-06-02,Belarus,53781
Toyota,Highlander,1995,2023-10-15,Djibouti,20841
Tesla,Model Y,2012,2022-03-09,Montenegro,12513
Chevrolet,Equinox,1988,2023-10-06,Thailand,11678
Ford,F-150,1995,2020-08-01,Antarctica (the territory South of 60 deg S),48036
Honda,Accord,2013,2022-07-20,Kiribati,59617
Mercedes-Benz,GLE,2006,2022-05-28,Portugal,74288
Nissan,Altima,2022,2023-07-05,French Guiana,79923
Wrong Brand,GLC,1976,2020-06-24,Tokelau,31528
Mercedes-Benz,E-Class,2003,2021-03-20,Ethiopia,32288
Volkswagen,Jetta,1985,2021-06-21,Singapore,37736
Ford,Focus,1991,2021-11-18,Serbia,54694
Nissan,Sentra,2014,2022-08-03,Mauritius,34381
Volkswagen,Atlas,1996,2021-09-26,Nepal,11429
Tesla,Model 3,2020,2019-07-07,Madagascar,53554
Honda,Pilot,1987,2022-03-17,Russian Federation,72009
Ford,Mustang,1987,2023-03-03,Saudi Arabia,28039
Chevrolet,Malibu,1975,2019-11-02,Saint Lucia,30119
Nissan,Sentra,1972,2020-11-01,Malta,15952
BMW,3 Series,2017,2022-04-23,French Southern Territories,24369
Tesla,Model X,2006,2023-12-18,Gambia,59920
Nissan,Pathfinder,2016,2019-11-03,Saint Martin,71930
BMW,X3,2017,2019-06-04,Afghanistan,12743
Mercedes-Benz,C-Class,1982,2023-08-07,Chad,71505
Volkswagen,Passat,2007,2006-07-11,Burkina Faso,11273
Chevrolet,Cruze,2017,2023-11-06,Israel,64758
Volkswagen,Golf,2009,2021-09-15,Tokelau,42322
BMW,3 Series,2018,2020-12-08,Estonia,66146
Chevrolet,Malibu,1992,2020-10-25,Norway,57582
BMW,X5,1997,2019-12-26,Cocos (Keeling) Islands,36326
Audi,A6,1972,2019-02-11,Panama,13983
Tesla,Model Y,2020,2023-07-14,Syrian Arab Republic,77211
Mercedes-Benz,E-Class,2017,2020-06-11,Bouvet Island (Bouvetoya),18913
Chevrolet,Equinox,1995,2022-03-07,Palestinian Territory,287960
Mercedes-Benz,GLE,2016,2023-01-01,Monaco,46667
Toyota,Tacoma,1993,2023-04-17,Mongolia,29360
Tesla,Model S,1981,2020-10-26,Latvia,683620
Ford,Focus,1978,2022-10-07,Iran,28819
Ford,Mustang,1991,2020-09-25,Cuba,42667
Nissan,Rogue,1972,2022-04-20,Pitcairn Islands,76481
BMW,X5,2007,2023-07-11,Algeria,37892
Wrong Brand,Jetta,1985,2020-06-01,Micronesia,20885
Volkswagen,Passat,2021,2019-11-15,Albania,76870
Wrong Brand,Traverse,2019,2019-11-19,Kazakhstan,38572
Mercedes-Benz,C-Class,2005,2023-02-15,Micronesia,21753
Tesla,Cybertruck,2019,2019-02-11,Bermuda,17638
Ford,Focus,2017,2023-05-06,Germany,76112
Tesla,Model Y,2011,2020-07-24,Romania,18535
Volkswagen,Golf,1996,2019-04-27,United States Virgin Islands,24490
Tesla,Model S,2011,2021-11-09,Sao Tome and Principe,55989
Tesla,Model X,1981,2021-03-04,Gambia,76044
Nissan,Titan,1982,2020-02-18,Burkina Faso,56217
Honda,Civic,1974,2023-11-01,Lebanon,23422
Mercedes-Benz,S-Class,2001,2023-03-29,Gibraltar,77924
Wrong Brand,Tiguan,2016,2020-08-25,Congo,61251
Wrong Brand,Jetta,2002,2023-11-11,Luxembourg,73541
Mercedes-Benz,GLC,1986,2023-01-29,Lithuania,49662
Toyota,Camry,1976,2019-04-06,Kyrgyz Republic,57913
Honda,CR-V,2019,2019-08-21,Portugal,12480
Audi,A6,2004,2021-10-02,United States Minor Outlying Islands,51781
Volkswagen,Passat,1993,2020-02-11,Western Sahara,57789
Audi,Q5,2012,2022-07-14,Vietnam,34860
BMW,3 Series,1993,2019-04-17,Bahamas,20125
Tesla,Model X,1998,2020-01-26,Guatemala,72306
Tesla,Cybertruck,2005,2023-03-31,British Virgin Islands,26238
Tesla,Model X,1982,2022-09-25,Bulgaria,54235
Honda,Pilot,2003,1975-01-17,Micronesia,37975
Mercedes-Benz,GLE,2003,2023-07-15,American Samoa,72700
Toyota,RAV4,2002,2022-06-02,Denmark,51436
Chevrolet,Equinox,2018,2021-03-03,Tokelau,63944
Chevrolet,Traverse,1982,2022-06-24,Guinea-Bissau,52230
Ford,Explorer,2006,2023-12-26,Saint Martin,33503
Wrong Brand,Corolla,1994,2023-10-15,American Samoa,45122
Audi,A3,1995,2022-01-13,Japan,45976
Honda,Pilot,1998,2019-09-08,Jamaica,11695
Honda,Odyssey,1972,2021-12-18,Gambia,64692
Nissan,Sentra,2002,2023-02-13,Guadeloupe,66268
Chevrolet,Traverse,2004,2021-08-13,Mauritius,34030
Nissan,Sentra,1997,2023-04-10,Saint Kitts and Nevis,31368
BMW,3 Series,2011,2020-01-03,Rwanda,11062
Audi,A6,1977,2022-06-01,Congo,14069
Honda,Civic,1976,2022-05-05,Samoa,34698
Nissan,Titan,2016,2023-09-28,Kenya,17081
Tesla,Cybertruck,2023,2020-11-04,Mozambique,39602
Ford,Mustang,1984,2023-05-30,Antigua and Barbuda,77499
Honda,Civic,1998,2019-11-12,Brazil,42960
Wrong Brand,Jetta,1998,2019-09-20,Bangladesh,32489
Chevrolet,Equinox,2022,2021-01-20,Hungary,74343
Chevrolet,Silverado,2001,2022-07-04,Lithuania,65467
Wrong Brand,RAV4,1988,2022-07-01,Greenland,31276
BMW,5 Series,2019,2019-09-26,Heard Island and McDonald Islands,71470
Volkswagen,Golf,1999,2023-01-05,Bhutan,42471
Mercedes-Benz,C-Class,2002,2022-08-04,Cameroon,10858
Toyota,Highlander,2007,2020-09-11,Trinidad and Tobago,17944
Mercedes-Benz,S-Class,1979,2020-05-05,Bosnia and Herzegovina,36670
Ford,Mustang,2012,2020-09-05,Croatia,41289
Mercedes-Benz,GLE,2012,2021-10-28,Saint Lucia,57798
Ford,Mustang,1995,2022-02-18,Mauritius,10798
Audi,A3,1973,2019-02-23,Turkmenistan,64843
Volkswagen,Tiguan,1981,2023-04-26,South Georgia and the South Sandwich Islands,34783
Mercedes-Benz,C-Class,1990,2023-12-14,Belarus,49564
Volkswagen,Jetta,1994,2022-02-06,Estonia,32646
Volkswagen,Jetta,1978,2020-10-28,Liechtenstein,69164
Volkswagen,Tiguan,1975,2019-10-31,Uzbekistan,39429
Nissan,Rogue,2008,2019-05-04,Iraq,17347
Mercedes-Benz,C-Class,1980,2022-01-03,Uzbekistan,24829
Chevrolet,Malibu,1993,2020-04-03,Ukraine,38068
Toyota,Corolla,2004,2023-11-01,Maldives,234970
Wrong Brand,S-Class,1975,2020-01-23,Jordan,29344
Nissan,Sentra,1988,2022-06-10,Guinea-Bissau,57952
Ford,Escape,2007,2022-12-20,Bouvet Island (Bouvetoya),58578
Toyota,Highlander,2005,2019-11-23,Burundi,62518
Honda,Accord,1989,2019-10-17,Indonesia,53174
Chevrolet,Cruze,1971,2020-04-05,Chile,18359
BMW,X3,1980,2020-02-09,Bosnia and Herzegovina,44707
Tesla,Model S,2016,2024-01-02,Spain,77214
Nissan,Rogue,2013,2020-08-13,French Guiana,62533
Ford,Focus,1986,2020-03-30,Liechtenstein,274050
Chevrolet,Traverse,1970,2019-05-04,Ghana,64028
Wrong Brand,RAV4,2006,2023-01-14,Saint Kitts and Nevis,27771
Wrong Brand,Traverse,2019,2021-05-27,Qatar,55592
Ford,F-150,1970,2021-07-29,Tonga,25767
Audi,Q5,1996,2020-12-23,Colombia,12191
Tesla,Model X,1984,2022-01-23,Luxembourg,19545
Wrong Brand,Explorer,2009,2021-11-28,Norway,16959
Ford,Explorer,1985,2020-09-12,Cyprus,14299
Honda,Odyssey,1970,2023-06-24,Japan,18265
Mercedes-Benz,S-Class,1984,2021-12-26,Afghanistan,105360
Volkswagen,Atlas,1999,2021-11-05,Chad,49191
Audi,Q5,2010,2021-01-27,Japan,72559
Tesla,Cybertruck,2015,2022-09-04,Niue,26717
Chevrolet,Equinox,1998,2020-03-05,Wallis and Futuna,65301
Audi,A6,2019,2023-07-04,Barbados,14331
Audi,A6,1988,2020-01-01,Japan,73821
Mercedes-Benz,GLC,1996,2019-08-14,Peru,41274
Toyota,Camry,2000,2020-05-21,Greenland,52811
Toyota,Corolla,1976,2022-04-12,Singapore,21161
Tesla,Model 3,1994,2021-02-05,Argentina,56290
Wrong Brand,Camry,2006,2019-03-02,Uganda,19905
Volkswagen,Passat,2012,2019-11-16,Thailand,19402
Mercedes-Benz,C-Class,2016,2000-06-22,Slovenia,71793
BMW,7 Series,2006,2019-12-23,Papua New Guinea,32109
BMW,5 Series,2004,2024-02-02,Ethiopia,70668
Chevrolet,Silverado,1993,2022-02-09,Somalia,45641
Ford,Mustang,1971,2019-10-13,Brazil,54100
Nissan,Sentra,2023,2019-11-14,Paraguay,30548
Ford,Focus,2004,2023-12-07,Serbia,56344
Nissan,Altima,1981,2019-11-18,Guadeloupe,26169
Ford,F-150,2009,2021-07-28,San Marino,39883
Toyota,Camry,1980,2024-01-18,Kyrgyz Republic,60136
Chevrolet,Malibu,2011,2022-05-04,United Arab Emirates,126310
Honda,Accord,2011,1980-08-04,French Southern Territories,17791
Wrong Brand,Camry,1975,2022-04-17,Norfolk Island,34189
Mercedes-Benz,E-Class,2004,2020-08-16,Comoros,75543
Honda,Pilot,1981,2022-10-28,Djibouti,32203
Mercedes-Benz,E-Class,2011,2022-04-29,Wallis and Futuna,72333
Volkswagen,Passat,2022,2021-10-29,Gambia,79279
Nissan,Pathfinder,1988,2019-03-19,Algeria,75514
Chevrolet,Silverado,1971,2022-11-02,Belize,44276
Volkswagen,Passat,2016,2019-05-22,Libyan Arab Jamahiriya,48839
Audi,Q5,1990,2020-08-17,Georgia,64199
Chevrolet,Traverse,1978,2023-12-13,Bahamas,79159
Ford,F-150,1981,2020-03-18,Mali,60840
Mercedes-Benz,E-Class,2014,2020-05-11,Luxembourg,20495
Tesla,Cybertruck,1982,2019-11-26,Jordan,12292
Honda,Accord,1994,2022-01-06,Switzerland,33424
Ford,Explorer,1989,2019-06-22,Antigua and Barbuda,13284
Audi,Q7,1978,2022-05-28,Iraq,23303
Chevrolet,Cruze,1983,2023-08-22,Saint Pierre and Miquelon,74042
Ford,Mustang,1981,2022-07-19,Antarctica (the territory South of 60 deg S),46389
Volkswagen,Tiguan,2023,2022-10-28,Norway,50012
Chevrolet,Traverse,1993,2023-06-10,Luxembourg,25828
Mercedes-Benz,GLE,2011,2022-09-25,New Caledonia,64720
Toyota,Corolla,2008,2023-11-20,Denmark,72224
Audi,A6,2008,2022-11-26,Nauru,75415
Nissan,Pathfinder,2002,2023-05-31,Togo,33928
BMW,5 Series,1999,2023-12-08,Northern Mariana Islands,43136
Audi,A6,2022,2019-10-03,Ecuador,486850
BMW,7 Series,2017,2023-09-19,Palau,48830
Tesla,Model 3,1978,2023-01-04,Barbados,47191
BMW,7 Series,1992,2021-12-17,Cook Islands,69033
Chevrolet,Traverse,2018,2022-02-10,Togo,46770
Ford,F-150,1993,2021-07-08,Maldives,18264
Ford,Focus,1997,2020-10-17,New Zealand,406460
Toyota,Camry,1999,1998-04-16,Sweden,28404
Honda,Pilot,1983,2023-03-03,Slovenia,43296
Tesla,Model S,1975,2021-05-21,Cocos (Keeling) Islands,28534
Toyota,Tacoma,1971,2022-01-30,Slovenia,52781
Ford,Focus,2023,2019-03-19,Cayman Islands,68894
Honda,Pilot,1999,2022-04-04,Pakistan,28655
Ford,F-150,1992,2021-05-03,Swaziland,76843
Toyota,Corolla,2012,2022-07-26,Suriname,36465
Wrong Brand,Tiguan,2005,2022-06-15,United States Minor Outlying Islands,41046
Honda,Accord,1992,2022-11-20,Eritrea,477640
Ford,Escape,1982,2021-03-29,Philippines,20276
BMW,X5,1997,2019-08-01,Australia,58308
Chevrolet,Traverse,2011,2019-12-17,Lesotho,72267
Volkswagen,Golf,1977,2019-08-06,Senegal,40373
Nissan,Rogue,1990,2023-06-16,Isle of Man,18656
Volkswagen,Passat,2018,2021-10-15,Italy,10205
BMW,X3,2005,2019-11-12,Croatia,49808
Honda,Pilot,1971,2020-08-04,Martinique,45501
Tesla,Model Y,1992,2022-07-24,Uganda,55390
Honda,Pilot,1986,2022-01-01,Albania,55999
Audi,Q5,2006,2020-04-29,Taiwan,73079
BMW,X3,1972,2023-07-29,Jordan,57210
Chevrolet,Cruze,1990,2021-08-13,China,30080
Audi,Q7,1971,2020-10-15,South Africa,26235
Chevrolet,Silverado,1973,2020-10-11,Latvia,57507
Honda,Accord,1984,2019-10-20,Antigua and Barbuda,45847
Chevrolet,Malibu,2018,2023-09-16,Hong Kong,27211
Volkswagen,Jetta,2004,2023-11-13,Niger,62950
Tesla,Model 3,1994,2020-07-01,Dominican Republic,59752
Honda,Odyssey,2002,2021-08-03,Svalbard & Jan Mayen Islands,77862
Ford,Explorer,2022,2023-08-08,Russian Federation,20422
Mercedes-Benz,S-Class,1983,2019-12-06,Tanzania,689330
Audi,A3,1976,2021-12-24,Malawi,55397
Chevrolet,Traverse,2006,2019-12-08,Guatemala,37611
Audi,A4,1971,2021-10-09,Togo,69318
Mercedes-Benz,E-Class,2007,2023-08-10,Saint Pierre and Miquelon,48633
Nissan,Titan,1973,1972-02-16,Uruguay,46008
Mercedes-Benz,GLE,1974,2019-09-10,Belize,52712
Toyota,Corolla,2007,2021-06-20,Namibia,44426
Tesla,Model X,1986,2020-09-01,India,41532
Ford,F-150,1997,2021-12-02,Switzerland,34643
Volkswagen,Tiguan,2015,2021-12-11,Botswana,32557
Ford,Mustang,1978,2021-03-07,Saint Vincent and the Grenadines,62674
Ford,Escape,1996,2023-11-09,Japan,73979
Honda,Odyssey,1972,2020-08-21,Portugal,423720
Honda,Odyssey,1970,2019-05-29,British Indian Ocean Territory (Chagos Archipelago),10696
Volkswagen,Tiguan,1978,2021-01-01,Brazil,55403
Mercedes-Benz,E-Class,2019,2020-06-19,Niger,52682
Nissan,Rogue,1978,2023-12-19,Japan,31526
Volkswagen,Tiguan,2010,2021-02-18,Myanmar,12892
Chevrolet,Traverse,1971,2019-02-28,Northern Mariana Islands,73611
Volkswagen,Atlas,2003,2021-09-26,Oman,69761
Audi,Q7,1999,2020-01-26,Croatia,53012
Volkswagen,Atlas,2015,2022-02-16,Nigeria,43264
Honda,Accord,1970,2023-01-02,Tuvalu,130570
Audi,Q7,2005,2021-12-05,Mayotte,75578
Audi,A4,2010,2019-07-18,Guam,31105
Mercedes-Benz,E-Class,2017,2020-12-21,Mauritius,55519
Volkswagen,Passat,1987,2020-10-26,Zambia,10062
Chevrolet,Traverse,1977,2020-08-14,Nauru,573530
Audi,A3,1988,2022-02-06,Myanmar,33229
Nissan,Pathfinder,2019,2022-11-05,Cape Verde,44465
Audi,Q7,1991,2020-01-10,Belarus,47150
Audi,A6,2019,2021-05-19,Hong Kong,64473
Volkswagen,Tiguan,2008,2023-10-07,Faroe Islands,346800
Chevrolet,Cruze,2011,2023-01-18,Mayotte,39908
Chevrolet,Traverse,1973,2020-02-01,Monaco,33673
Toyota,RAV4,1989,2021-08-15,Syrian Arab Republic,24515
Nissan,Rogue,1979,2019-07-10,Sierra Leone,68906
Nissan,Sentra,1982,2014-01-24,Greece,13632
Audi,A6,2022,2021-09-30,Togo,12194
Chevrolet,Equinox,2003,2023-01-02,Iceland,44851
Nissan,Rogue,1970,2022-09-20,Montenegro,35795
BMW,5 Series,2013,2019-02-16,Venezuela,333930
BMW,X5,1996,2023-12-06,Bangladesh,54687
Tesla,Model S,2011,2023-01-20,Kenya,29375
BMW,X5,2022,2019-12-24,Australia,44891
Audi,Q7,1992,2022-04-29,American Samoa,21256
Ford,Focus,1989,2023-04-07,Lao People's Democratic Republic,58160
Ford,F-150,1981,2019-07-16,Uzbekistan,55877
Toyota,Camry,1986,2022-01-03,Mauritania,21280
Ford,Explorer,1981,2022-11-14,Palau,42963
Toyota,RAV4,1974,2022-01-26,Latvia,26901
Audi,A3,1984,2023-08-05,North Macedonia,67143
BMW,7 Series,1999,2019-09-13,Svalbard & Jan Mayen Islands,42590
Volkswagen,Passat,2009,2021-06-20,Vanuatu,12515
Audi,Q7,1987,2019-03-20,Syrian Arab Republic,66208
Nissan,Rogue,1980,2021-10-25,Fiji,73182
Ford,Focus,1976,2022-04-30,Mongolia,42803
Wrong Brand,A3,2001,2021-12-06,Suriname,77343
Ford,Escape,1994,2023-03-27,Chad,62611
Audi,Q5,1986,2023-04-08,North Macedonia,73354
Ford,Escape,1975,2021-05-12,Malaysia,20342
Audi,A4,1977,2021-10-31,Kyrgyz Republic,172720
Honda,Accord,2010,2019-10-12,Samoa,34437
Volkswagen,Passat,2014,1989-12-07,Mauritius,41322
Honda,CR-V,2009,2022-01-21,Kyrgyz Republic,65938
BMW,X3,1988,2022-03-23,Faroe Islands,45944
Honda,Pilot,2010,2020-11-13,Suriname,11563
Honda,CR-V,1993,2005-04-06,Barbados,54632
Honda,Odyssey,2000,1979-12-24,Greece,44164
BMW,3 Series,1985,2023-09-07,Kyrgyz Republic,41340
Honda,Civic,1995,2022-12-09,Bangladesh,29292
Volkswagen,Golf,1990,2019-06-01,Solomon Islands,71677
Toyota,RAV4,1974,2020-06-01,Israel,38966
Toyota,Highlander,2004,1981-11-26,Saint Helena,76595
Nissan,Rogue,2016,2021-07-13,Paraguay,28434
Volkswagen,Tiguan,1975,2006-06-21,Pitcairn Islands,17588
Chevrolet,Malibu,1979,2023-11-12,South Georgia and the South Sandwich Islands,58281
Toyota,Corolla,2000,2022-07-26,Panama,28245
Toyota,Highlander,1985,2022-06-27,Tonga,55211
Toyota,Corolla,2016,2022-01-14,Venezuela,22494
Chevrolet,Malibu,2000,2019-02-18,Madagascar,56537
BMW,X5,1987,2023-11-03,Heard Island and McDonald Islands,50953
Honda,Accord,2000,2022-04-26,Mongolia,66720
Mercedes-Benz,E-Class,2020,2021-02-08,Ecuador,44339
Honda,Civic,1999,2023-07-13,Tajikistan,32055
Honda,Odyssey,2014,2022-08-24,New Zealand,42693
Chevrolet,Cruze,2004,2022-02-16,Indonesia,62983
Wrong Brand,Escape,1990,2022-07-05,Ethiopia,27218
Chevrolet,Malibu,1971,2022-01-12,Bulgaria,57974
Volkswagen,Tiguan,1970,2022-03-31,Korea,30894
Mercedes-Benz,C-Class,1983,2021-06-19,Saint Vincent and the Grenadines,11426
Honda,Accord,2000,2023-02-21,Latvia,25280
Chevrolet,Silverado,1979,2021-01-27,Algeria,58148
Ford,Focus,1986,2024-01-30,Solomon Islands,24836
Honda,CR-V,1984,2021-04-20,Kyrgyz Republic,30530
Audi,A3,1970,2020-03-21,Nepal,18894
Mercedes-Benz,S-Class,1975,2021-01-25,Fiji,48508
Honda,Pilot,2015,1986-05-10,Czech Republic,29759
Volkswagen,Atlas,1982,2021-04-23,Turkey,733830
Nissan,Sentra,2000,2023-11-23,Brunei Darussalam,34376
Audi,A4,1979,2021-06-05,Fiji,51317
Chevrolet,Traverse,1994,2021-09-17,Djibouti,76006
Toyota,Highlander,1971,2019-06-29,United States of America,25839
Tesla,Model 3,2002,2023-06-01,Fiji,15181
BMW,7 Series,2015,2022-08-06,Japan,18202
Tesla,Model 3,1990,2019-03-17,Syrian Arab Republic,32430
Volkswagen,Atlas,2002,2019-09-07,Mongolia,10872
Mercedes-Benz,GLE,1976,2020-01-21,Argentina,57430
Tesla,Model 3,2008,2019-07-26,Moldova,42262
Volkswagen,Tiguan,1999,2021-10-07,Martinique,55811
Volkswagen,Golf,1996,2023-05-10,Timor-Leste,32102
Nissan,Titan,1984,2023-12-01,Suriname,67353
Chevrolet,Equinox,1990,2022-01-25,Solomon Islands,11110
Wrong Brand,Silverado,2004,2023-10-18,Romania,20174
Honda,Civic,1995,2023-08-06,Lebanon,67062
Wrong Brand,Altima,2004,2020-02-17,Bolivia,60651
Honda,Accord,1998,2021-04-05,Estonia,217310
BMW,X5,1983,2022-06-11,Cote d'Ivoire,12299
Ford,Focus,1977,2023-07-05,Sao Tome and Principe,31577
Mercedes-Benz,C-Class,2019,2021-01-19,Uganda,24960
BMW,5 Series,1972,2019-12-27,British Indian Ocean Territory (Chagos Archipelago),45515
Ford,Focus,2016,2022-08-14,Haiti,74184
Nissan,Altima,1973,2022-02-22,Guernsey,59735
Volkswagen,Golf,1979,2023-10-07,Isle of Man,31086
Tesla,Model 3,2007,2020-04-03,Kiribati,72709
Chevrolet,Cruze,2002,2020-11-08,Saint Barthelemy,43940
BMW,7 Series,1989,2022-07-27,Gibraltar,20733
Mercedes-Benz,S-Class,2022,2022-07-01,Colombia,15254
Volkswagen,Tiguan,1980,1985-06-30,Barbados,72846
Volkswagen,Golf,2014,2021-11-10,Cocos (Keeling) Islands,68824
Chevrolet,Silverado,1982,2020-04-02,Iran,21170
Nissan,Pathfinder,2013,2020-08-06,Tonga,33116
Mercedes-Benz,GLC,2017,2020-07-04,Philippines,42332
Honda,Pilot,1987,2021-04-29,Kiribati,32870
BMW,7 Series,2011,2022-07-09,Montserrat,42739
Volkswagen,Passat,2009,2019-05-11,Tanzania,11274
Tesla,Model 3,1971,2022-08-22,United Kingdom,76947
Tesla,Model S,2007,2021-12-03,Mali,79523
Chevrolet,Cruze,1974,2019-05-23,French Guiana,11526
Nissan,Altima,2003,2019-07-06,Romania,78475
Volkswagen,Jetta,1977,2019-02-24,Syrian Arab Republic,36487
Honda,Civic,2001,1985-11-24,Latvia,15328
Volkswagen,Golf,1972,2021-03-24,Greenland,27057
Nissan,Altima,1982,2021-10-15,Colombia,75466
Toyota,Camry,2022,2022-07-05,Guinea,71963
Mercedes-Benz,C-Class,1992,2020-01-07,United Arab Emirates,60254
Nissan,Pathfinder,2005,2023-03-21,Bangladesh,31218
Ford,Mustang,2000,2022-05-02,Pakistan,44389
Volkswagen,Passat,2006,2019-04-30,Saint Kitts and Nevis,15932
Audi,A6,2022,2023-07-06,Kazakhstan,39695
Honda,Pilot,1973,2022-05-29,Djibouti,19586
Nissan,Rogue,1970,1999-07-27,Timor-Leste,27310
Honda,CR-V,1997,2021-10-25,Ethiopia,721220
Tesla,Cybertruck,1973,2020-01-09,Cuba,38341
Ford,Escape,2005,2023-10-26,Armenia,45257
Nissan,Pathfinder,2011,2020-08-24,Suriname,59486
Ford,Escape,2001,2022-09-18,Wallis and Futuna,68842
Honda,Civic,2000,2021-03-04,Iraq,71612
Chevrolet,Equinox,1981,2023-02-25,Samoa,45248
Tesla,Model X,2022,2021-11-12,Turkey,19289
Mercedes-Benz,C-Class,2003,2021-07-02,American Samoa,65056
Nissan,Altima,2021,2019-04-14,Bahrain,51381
Tesla,Model S,1991,2023-10-01,Jamaica,24970
Ford,F-150,2012,2019-02-19,Tunisia,20080
Chevrolet,Traverse,1970,2019-08-08,Netherlands,34819
BMW,X5,1992,2019-07-24,Reunion,716250
Wrong Brand,CR-V,2007,2022-06-21,Dominican Republic,16553
Wrong Brand,3 Series,2004,2019-09-29,Germany,47067
Audi,A6,1970,2023-09-20,Haiti,47314
Ford,Explorer,1988,2019-11-30,Luxembourg,39466
Honda,Accord,1988,2022-06-30,Anguilla,47592
Tesla,Model Y,1993,2021-12-08,Western Sahara,29473
Mercedes-Benz,E-Class,1974,2020-03-10,Somalia,531430
Audi,A3,1996,2023-11-28,Bahrain,52176
Nissan,Titan,1987,2021-11-01,Azerbaijan,34828
BMW,X5,2019,2022-04-14,Hungary,67399
Honda,Pilot,1981,2020-12-29,Tonga,60828
Honda,CR-V,1989,2020-09-12,Qatar,30299
Ford,Mustang,2017,2021-02-03,Antigua and Barbuda,25235
Mercedes-Benz,E-Class,1991,2021-10-20,Belarus,54586
Mercedes-Benz,S-Class,1987,2016-11-02,Greenland,44930
Honda,CR-V,1982,2019-08-03,Palau,37553
Tesla,Model Y,1999,2022-01-18,France,24757
Honda,Civic,1974,2023-01-12,Bolivia,75741
Mercedes-Benz,E-Class,2002,2019-08-08,Guatemala,14068
Honda,Odyssey,1976,2014-09-21,Slovakia (Slovak Republic),73670
Ford,Explorer,2003,2022-11-02,Malaysia,21457
Nissan,Sentra,2003,2021-03-10,Bolivia,63673
Nissan,Sentra,1989,2019-04-24,Burundi,68642
Audi,Q7,1999,2020-08-16,Malaysia,10042
Nissan,Altima,2005,2020-10-06,Armenia,19872
Honda,Odyssey,2022,2022-06-12,Portugal,77516
Ford,Focus,1984,2023-08-15,Tanzania,50428
Mercedes-Benz,GLE,1974,2019-11-16,Heard Island and McDonald Islands,52242
Audi,A4,2021,2021-04-18,Central African Republic,50903
Tesla,Model Y,2020,2023-10-18,Antigua and Barbuda,41880
Honda,Pilot,2021,2022-08-31,American Samoa,58017
Chevrolet,Cruze,1972,2023-12-11,Burkina Faso,43345
Volkswagen,Passat,2009,2021-12-22,Wallis and Futuna,44801
Volkswagen,Golf,2012,2020-10-12,Nigeria,370670
Ford,Mustang,2001,2022-07-28,Timor-Leste,23440
Volkswagen,Tiguan,1988,2020-01-02,Saint Martin,79589
Chevrolet,Malibu,2013,2020-07-12,Holy See (Vatican City State),12608
Tesla,Model X,1973,2020-07-30,Yemen,29697
Ford,Explorer,2018,2021-01-10,Eritrea,30436
Chevrolet,Malibu,2013,2022-06-01,Latvia,33668
Nissan,Pathfinder,1993,2020-12-14,Cyprus,279900
Nissan,Rogue,2017,2021-11-16,Australia,48694
Honda,Pilot,2015,2024-01-17,Macao,43993
Volkswagen,Golf,1992,2022-09-20,Reunion,77244
Volkswagen,Jetta,2021,2020-04-22,French Polynesia,25223
Nissan,Pathfinder,1971,2021-11-22,Georgia,41548
Tesla,Model Y,1995,2020-08-23,Mayotte,12994
Mercedes-Benz,S-Class,1973,2019-06-13,Bhutan,37561
Toyota,RAV4,2019,2021-06-28,Venezuela,65023
Audi,Q7,2017,2023-08-25,Christmas Island,67308
Volkswagen,Passat,2017,2019-03-04,Belize,55185
BMW,5 Series,1974,2023-05-10,Ireland,67659
Tesla,Model S,2008,2019-12-22,Slovakia (Slovak Republic),445590
Honda,Civic,1973,2019-08-02,Nicaragua,67964
Tesla,Model 3,2023,2020-10-21,Saint Kitts and Nevis,27372
Nissan,Altima,2001,2019-11-18,Comoros,31372
Ford,F-150,1980,2021-11-15,Finland,41460
Chevrolet,Traverse,2006,1972-06-02,Uruguay,73785
Wrong Brand,Civic,2016,2021-01-12,Kazakhstan,751620
Wrong Brand,Silverado,2004,2022-01-07,Colombia,49648
Nissan,Altima,1996,2024-01-22,Canada,20674
Audi,A4,2012,2023-11-02,United Arab Emirates,74965
Audi,Q7,2013,2021-11-12,Saudi Arabia,53117
Volkswagen,Tiguan,2003,2021-09-16,Saint Kitts and Nevis,45956
Toyota,Corolla,1992,2022-04-11,Saudi Arabia,68671
Honda,Accord,1991,2023-03-16,Dominica,17085
Wrong Brand,Q7,1980,2021-10-31,Dominican Republic,13885
Volkswagen,Passat,1987,2020-11-29,Heard Island and McDonald Islands,61230
Mercedes-Benz,C-Class,1990,2019-04-30,New Caledonia,72743
Nissan,Pathfinder,2002,2022-11-09,Argentina,13422
Mercedes-Benz,GLE,1974,2019-04-10,Saint Helena,12110
Honda,Civic,2004,2021-06-12,Eritrea,58200
Mercedes-Benz,GLE,2004,2024-02-05,United Kingdom,47629
Nissan,Altima,1982,2023-02-12,North Macedonia,37782
Mercedes-Benz,C-Class,1985,2019-12-05,Jordan,69118
Mercedes-Benz,E-Class,2021,2020-08-07,Heard Island and McDonald Islands,47667
Chevrolet,Silverado,1994,2019-04-09,Antigua and Barbuda,64100
Nissan,Pathfinder,1977,1985-07-11,British Virgin Islands,433140
Volkswagen,Passat,1974,2020-01-09,Bulgaria,31581
Honda,CR-V,2009,2024-01-09,Belize,34584
Audi,Q5,1997,2023-09-02,Palau,70348
Toyota,Corolla,1988,2022-10-23,Namibia,31388
Volkswagen,Jetta,2020,2020-05-31,Maldives,33442
Toyota,Camry,1989,2023-01-21,Congo,46019
Mercedes-Benz,S-Class,1988,2021-07-23,Sweden,42107
Toyota,RAV4,2016,2020-02-21,Estonia,70052
Nissan,Titan,1995,2021-05-25,Azerbaijan,64805
Honda,Odyssey,1990,2020-03-02,Burkina Faso,49194
Audi,A4,1979,2022-07-27,Panama,24907
Nissan,Rogue,1990,2019-09-24,Swaziland,29343
Mercedes-Benz,GLC,2009,2023-03-25,Saint Helena,68607
Ford,Escape,1997,2021-02-26,Bahamas,50987
Wrong Brand,Pilot,1998,2020-05-14,Mongolia,40190
Audi,A6,2000,2021-05-18,Morocco,33071
Nissan,Titan,1978,2019-05-27,Malaysia,59352
Volkswagen,Passat,1986,2020-03-20,Bouvet Island (Bouvetoya),12437
Nissan,Titan,2015,2020-07-08,Netherlands,14110
Audi,A3,1998,2019-11-19,San Marino,308750
BMW,3 Series,1979,2020-07-21,Austria,16132
Ford,F-150,2002,2022-04-09,Somalia,56379
Tesla,Cybertruck,1976,2020-04-17,Croatia,31958
Nissan,Rogue,2001,2021-02-26,United Kingdom,50779
Tesla,Model 3,1987,1976-08-10,Qatar,38120
Mercedes-Benz,S-Class,2004,2020-04-01,Switzerland,68784
Audi,A6,1986,2021-03-14,Albania,54676
Tesla,Model S,2012,2022-12-28,Moldova,62540
Honda,Odyssey,1998,2019-05-05,Iceland,46611
Audi,Q7,1975,2022-07-05,Holy See (Vatican City State),34196
Ford,Focus,2018,2019-06-26,Guyana,63213
Volkswagen,Golf,1975,2023-10-05,Nicaragua,12915
Volkswagen,Passat,1995,2023-07-19,Tanzania,30627
Nissan,Altima,2009,2023-07-30,Belize,57052
Mercedes-Benz,E-Class,1970,2020-02-16,Finland,72056
Nissan,Pathfinder,1972,2020-10-11,Monaco,59427
Honda,Pilot,2003,2020-01-22,United States of America,20885
Mercedes-Benz,S-Class,1990,2020-04-24,Sudan,78593
Honda,CR-V,1983,2022-05-20,Cocos (Keeling) Islands,51730
Nissan,Sentra,1972,2023-11-03,Austria,122090
Mercedes-Benz,GLE,1995,2019-04-16,Senegal,28166
Audi,Q5,2007,2020-05-06,El Salvador,18776
Nissan,Titan,1978,2021-01-03,Uzbekistan,45146
Tesla,Cybertruck,1983,2021-09-21,Bhutan,62568
Audi,A6,2005,2023-04-29,Mexico,32679
BMW,X5,2020,2021-12-04,Aruba,36815
Volkswagen,Golf,1977,2022-07-27,Kenya,54249
Tesla,Model X,2011,2019-05-01,Belize,64958
Chevrolet,Silverado,1970,2019-10-17,South Africa,10649
Honda,Civic,1990,2021-01-15,Andorra,290450
Volkswagen,Jetta,1981,2021-06-12,Panama,51888
BMW,X3,1982,2022-02-26,Niue,51033
Tesla,Cybertruck,1970,2021-02-27,Nepal,42128
Honda,Odyssey,1974,2019-09-19,Kuwait,37785
Toyota,RAV4,1998,2023-02-05,Botswana,48883
Ford,Explorer,2004,2021-11-09,Honduras,39035
Audi,A4,2012,2021-03-19,Ethiopia,57474
BMW,X5,1985,2022-10-21,Bhutan,76558
Volkswagen,Tiguan,2001,2023-11-12,Reunion,41868
Toyota,Camry,1976,2022-12-15,Central African Republic,37418
BMW,X5,2005,2019-10-09,Mali,34199
Chevrolet,Cruze,1978,2023-03-21,Lebanon,51607
Chevrolet,Silverado,2002,2022-12-23,Pakistan,58798
Audi,Q5,2013,2020-06-16,Thailand,76975
Ford,Focus,2018,2022-12-16,Pakistan,33609
Wrong Brand,Altima,1984,1987-12-21,Argentina,75293
Ford,Escape,1978,2022-07-20,Comoros,26350
Toyota,Corolla,2019,2023-03-11,Mongolia,62161
Chevrolet,Silverado,1999,2020-03-04,Western Sahara,53639
Toyota,Highlander,1987,2019-11-13,Qatar,66569
Nissan,Altima,2021,2003-02-14,Korea,62710
Audi,Q7,2002,1988-10-14,Nauru,26241
Audi,A6,1972,2022-06-30,Fiji,38497
Chevrolet,Malibu,1987,2022-05-18,Antigua and Barbuda,45495
Ford,Escape,2023,2019-09-24,Uganda,35253
Ford,F-150,2013,2020-06-28,Estonia,17993
Honda,Civic,2005,2021-01-02,Ukraine,359880
Volkswagen,Passat,1976,2022-05-06,Thailand,40143
Chevrolet,Silverado,1984,2023-03-08,Puerto Rico,46898
Volkswagen,Golf,1987,2021-11-03,Portugal,70580
Tesla,Model S,2007,2019-11-14,Egypt,60657
Nissan,Sentra,2021,2019-07-28,Cameroon,36125
Toyota,RAV4,1994,2021-05-26,Hong Kong,57062
Mercedes-Benz,C-Class,1990,2021-03-31,New Zealand,75484
Audi,A3,1981,2022-05-03,Angola,67700
Toyota,Corolla,2020,2020-10-07,Congo,61023
Audi,A3,1978,2023-09-26,Yemen,50211
Toyota,Corolla,2004,2019-09-17,Cocos (Keeling) Islands,26166
Nissan,Rogue,2007,2023-03-16,Kiribati,32678
BMW,3 Series,1981,2023-09-15,Malawi,10456
Tesla,Cybertruck,1998,2021-06-17,French Guiana,58530
BMW,5 Series,1985,2021-01-18,Cameroon,51762
Audi,A6,2014,2022-09-23,Botswana,57332
Nissan,Pathfinder,1992,2020-04-08,Denmark,48404
Mercedes-Benz,C-Class,1978,2020-08-06,Japan,43967
Volkswagen,Atlas,1988,1984-07-18,Slovakia (Slovak Republic),15326
Mercedes-Benz,GLC,1992,2023-01-13,Iceland,59837
Tesla,Model X,1976,2022-07-04,Korea,54656
Audi,Q5,1997,2020-11-02,Bhutan,24059
Nissan,Sentra,1971,2023-09-05,Taiwan,63944
Nissan,Pathfinder,2005,2020-04-08,Netherlands,71916
Toyota,Highlander,1986,2020-05-29,Spain,67668
Mercedes-Benz,C-Class,2017,2023-03-21,Cape Verde,12005
BMW,5 Series,2014,2022-03-05,Svalbard & Jan Mayen Islands,34424
BMW,X5,1988,2021-09-12,Barbados,11901
Mercedes-Benz,GLE,2020,2019-05-28,Bhutan,39927
Toyota,RAV4,1996,2022-02-12,Chad,78397
Volkswagen,Tiguan,1989,2019-10-31,Yemen,71310
Honda,Pilot,2014,2020-07-31,Samoa,31422
Volkswagen,Passat,1990,2019-03-25,Egypt,10625
Nissan,Rogue,2011,2020-11-05,Burundi,22206
Tesla,Model S,2019,2023-07-28,Albania,63831
BMW,X3,1974,2020-09-01,United Kingdom,38330
Mercedes-Benz,S-Class,2004,2021-05-07,Christmas Island,45975
BMW,X5,2021,2021-05-07,Brazil,49989
Volkswagen,Jetta,2014,2021-07-24,Cape Verde,52507
Honda,Pilot,2015,2022-01-13,Guernsey,22028
Honda,CR-V,1986,2022-02-19,Fiji,70945
Wrong Brand,C-Class,1981,2020-08-04,Sierra Leone,68576
Toyota,Highlander,1978,2022-12-16,Tokelau,13709
Ford,Explorer,2003,2023-12-18,Djibouti,15562
Tesla,Model Y,1989,2023-01-14,Lithuania,27908
Chevrolet,Malibu,2014,2022-12-06,Norfolk Island,69734
Chevrolet,Equinox,2010,2023-02-26,Saudi Arabia,24107
Nissan,Altima,1987,2020-09-12,Isle of Man,46972
Audi,Q7,2021,2022-10-14,United States of America,10437
Volkswagen,Passat,1990,2022-05-11,Jamaica,67538
Audi,Q7,2003,2022-08-29,Guernsey,72701
Chevrolet,Cruze,1982,1974-09-07,Norfolk Island,69457
Honda,Accord,1994,2020-06-09,Malta,34709
Toyota,Corolla,2011,2024-01-13,Myanmar,51928
BMW,3 Series,1976,2024-01-01,San Marino,16856
Audi,A4,1995,2020-05-28,Brazil,15414
Ford,F-150,1974,2021-07-12,Switzerland,37029
Ford,F-150,2006,2023-01-08,Barbados,47871
Wrong Brand,A3,2019,2022-10-03,Cote d'Ivoire,68348
BMW,X5,1970,2022-12-25,Madagascar,34326
Honda,Pilot,2005,2021-11-05,Georgia,21354
Volkswagen,Golf,1991,2020-09-27,Bosnia and Herzegovina,41827
BMW,X5,1988,2022-01-20,Saint Vincent and the Grenadines,12895
Honda,Pilot,2014,2022-09-17,Russian Federation,12887
Volkswagen,Atlas,2021,2019-02-18,Tunisia,19648
Toyota,Tacoma,2011,2023-05-14,Bahrain,55844
Mercedes-Benz,S-Class,2015,2019-09-05,Iran,46364
Audi,Q5,1976,2020-03-19,Ukraine,49183
Mercedes-Benz,GLC,2022,2023-08-25,China,79002
Toyota,Highlander,2000,2023-03-11,Nicaragua,17621
Nissan,Sentra,1990,2022-08-07,Saint Lucia,27304
Ford,Focus,2000,2021-08-31,Netherlands Antilles,38441
BMW,X3,1995,2020-09-01,Comoros,48863
Mercedes-Benz,GLC,1970,2023-05-01,Martinique,26006
Tesla,Model Y,1998,2022-12-21,Croatia,15626
Nissan,Rogue,1975,2021-09-27,Cuba,77627
Wrong Brand,CR-V,1991,2020-12-18,Slovenia,74090
Mercedes-Benz,GLC,2023,2022-09-02,Marshall Islands,21272
BMW,5 Series,2000,2023-03-24,Italy,69922
Ford,F-150,2014,2020-10-16,Thailand,47521
Ford,F-150,2020,2020-11-24,Uzbekistan,61713
Volkswagen,Jetta,1979,2019-05-16,Macao,73277
Toyota,Highlander,2006,2022-10-29,Saint Kitts and Nevis,44056
Ford,Focus,2005,2019-06-22,Portugal,64861
Honda,CR-V,2006,2020-08-02,Romania,285660
Wrong Brand,Tiguan,1995,2020-12-04,Isle of Man,43683
Volkswagen,Atlas,2003,2023-11-05,Malawi,77484
Tesla,Model X,1976,2020-02-03,Romania,61037
Honda,Civic,1996,2019-04-20,Bulgaria,78231
Audi,Q7,1989,2020-05-19,Lebanon,77853
Honda,Civic,1998,2020-07-08,Hungary,56834
Tesla,Model Y,1989,2019-06-27,Chile,70241
Mercedes-Benz,C-Class,2018,2021-10-07,Anguilla,74471
Honda,Pilot,2009,2019-11-11,El Salvador,57001
BMW,7 Series,2020,1990-07-27,Gambia,69448
Toyota,Corolla,1970,2020-04-27,Chad,10687
Wrong Brand,E-Class,2008,2022-05-04,Croatia,30940
Chevrolet,Equinox,1987,2020-10-02,Romania,231070
Toyota,RAV4,1982,2023-11-06,Monaco,73888
Nissan,Altima,1982,2019-04-15,Belarus,13214
Honda,Pilot,1981,2020-02-07,Portugal,39180
Honda,Odyssey,2005,2023-09-21,Papua New Guinea,33516
Nissan,Sentra,1991,2019-08-20,Equatorial Guinea,47484
Mercedes-Benz,C-Class,2008,2022-08-05,British Virgin Islands,63450
BMW,7 Series,2015,2019-08-29,Tuvalu,10227
Volkswagen,Passat,2003,2023-03-03,Jamaica,49303
Volkswagen,Jetta,2012,2021-05-23,Equatorial Guinea,53522
Honda,CR-V,1984,2020-11-17,Isle of Man,77522
Toyota,Corolla,1974,2021-01-01,Netherlands Antilles,286290
Volkswagen,Atlas,2002,2020-05-03,Nepal,32766
BMW,5 Series,1988,2023-05-30,Bhutan,33588
Audi,A6,1982,2020-05-27,Cocos (Keeling) Islands,460720
Mercedes-Benz,E-Class,1972,2021-10-19,Slovakia (Slovak Republic),34855
BMW,3 Series,1979,2019-07-04,Lebanon,13813
Wrong Brand,Cruze,1993,2021-02-05,Congo,20551
Nissan,Altima,1997,1984-07-08,Holy See (Vatican City State),11075
Volkswagen,Jetta,2013,2019-06-27,Lithuania,63463
Volkswagen,Jetta,1976,2020-01-28,Kyrgyz Republic,31038
Ford,Explorer,2023,2020-08-16,Guernsey,39276
Tesla,Model Y,1992,2020-06-21,Madagascar,57145
Nissan,Altima,1974,2022-03-07,Palau,50913
Mercedes-Benz,GLC,1996,2022-04-02,Uganda,72468
Toyota,Camry,1984,2020-12-26,Norfolk Island,78702
Volkswagen,Jetta,2010,2021-10-14,American Samoa,68014
Tesla,Model Y,1975,2022-08-16,France,39064
Tesla,Cybertruck,1999,2019-02-10,Austria,44478
Ford,F-150,2007,2020-06-22,Gibraltar,68723
Wrong Brand,Altima,2003,2021-01-15,Argentina,12818
Nissan,Titan,2020,2022-12-26,South Georgia and the South Sandwich Islands,35957
Tesla,Model S,2016,2023-12-23,Bhutan,33207
Honda,Accord,1977,2020-03-09,South Africa,75765
Tesla,Model 3,2019,2021-02-22,Denmark,67363
Toyota,Corolla,1971,2020-07-17,Nauru,66730
BMW,X5,1994,2021-06-15,Gambia,30660
BMW,3 Series,2010,2023-05-28,Cape Verde,35894
Volkswagen,Passat,2000,2021-01-29,Macao,78776
Honda,CR-V,1992,2023-03-06,Hungary,24881
Ford,Escape,1992,2021-05-15,Swaziland,13952
Ford,Focus,2023,2021-11-12,Rwanda,50739
Mercedes-Benz,GLE,2020,2023-11-29,Greece,62379
Toyota,Tacoma,1972,1973-09-06,Falkland Islands (Malvinas),40360
Ford,Explorer,2006,2023-09-16,Christmas Island,11045
Wrong Brand,5 Series,1993,2021-09-09,France,12200
Toyota,Tacoma,2016,2021-08-04,Aruba,49161
Ford,F-150,1970,2022-04-15,Finland,41848
Audi,A6,1991,2020-10-05,Guatemala,598970
Wrong Brand,Escape,2012,2019-05-07,Austria,67893
Chevrolet,Equinox,2017,2019-12-17,Ghana,54764
Toyota,RAV4,1998,2022-05-07,Saint Barthelemy,33732
Nissan,Rogue,1995,2020-11-29,Serbia,60481
Honda,Pilot,1985,2024-01-21,Malawi,75297
BMW,5 Series,2016,2022-04-18,Indonesia,14302
Toyota,Highlander,2002,2021-07-28,Timor-Leste,49210
Nissan,Altima,1993,2019-03-12,Norway,30574
BMW,X5,1997,2022-12-02,Tokelau,23814
BMW,5 Series,2017,2021-04-11,French Polynesia,66098
Mercedes-Benz,GLC,1973,2020-02-03,American Samoa,28615
Tesla,Model Y,2009,2022-09-16,Estonia,64730
BMW,5 Series,2004,2021-08-18,Cyprus,24752
Tesla,Model 3,1974,2020-09-23,Serbia,15011
Chevrolet,Traverse,1996,1992-07-25,Timor-Leste,48405
Audi,A4,1989,2020-11-16,Chad,45968
BMW,7 Series,2009,2023-05-17,Macao,64786
Honda,Civic,1995,2021-10-10,Switzerland,19847
Ford,F-150,2008,2019-11-02,Tajikistan,75133
Tesla,Model 3,1974,2021-08-28,Finland,70251
Honda,CR-V,2004,2020-06-08,Papua New Guinea,26993
Ford,Mustang,2010,2023-05-24,Mauritania,32597
Volkswagen,Atlas,1983,2019-05-20,Namibia,25806
Nissan,Titan,1986,2019-12-08,Lao People's Democratic Republic,39152
Tesla,Model Y,2005,2021-09-16,Andorra,275530
Audi,Q5,1973,2019-12-31,Mauritania,64371
Chevrolet,Cruze,1977,2019-12-03,Zambia,37364
Toyota,Tacoma,2007,2020-11-29,Gambia,78216
Tesla,Model X,2017,2021-10-07,San Marino,39666
Nissan,Pathfinder,1991,2020-09-02,Sierra Leone,21445
Mercedes-Benz,GLE,2017,2021-02-03,Bangladesh,344500
Honda,Pilot,1971,2022-08-25,Wallis and Futuna,69558
Nissan,Sentra,2022,2021-03-27,Benin,43102
Mercedes-Benz,C-Class,1975,2022-12-12,Montserrat,48028
Toyota,Camry,2013,2021-04-03,Cote d'Ivoire,36252
Nissan,Pathfinder,2022,2020-11-12,Finland,56482
Toyota,RAV4,2012,2019-03-12,Latvia,76827
Toyota,Corolla,1973,2019-09-27,Italy,59556
Volkswagen,Passat,1977,2024-01-29,Albania,12346
Nissan,Rogue,2022,1988-10-02,Sierra Leone,11944
Honda,Civic,2016,2024-02-06,Jamaica,67821
Toyota,RAV4,1993,2022-10-23,Zimbabwe,24538
Wrong Brand,Pilot,2010,2023-09-19,Latvia,49752
Toyota,Camry,1983,2020-11-06,Niue,16542
Audi,Q7,2022,2023-04-24,Bahrain,20634
Mercedes-Benz,C-Class,1980,2019-01-04,Croatia,51782
Volkswagen,Tiguan,2020,2021-10-13,Italy,60548
Mercedes-Benz,S-Class,1988,2022-08-09,Cote d'Ivoire,26559
Tesla,Model 3,1986,2022-04-18,Japan,46459
Nissan,Pathfinder,2003,2023-01-14,Trinidad and Tobago,67155
Mercedes-Benz,GLE,1990,2022-11-04,Mongolia,46599
Honda,Pilot,2022,2021-02-14,Holy See (Vatican City State),45195
Tesla,Model Y,1978,2021-12-05,Niger,678870
Toyota,RAV4,2011,2021-08-13,Vanuatu,55978
Nissan,Sentra,2019,2023-11-18,Sri Lanka,27267
Volkswagen,Jetta,1973,2003-08-23,Tunisia,63401
Ford,Explorer,2015,2020-03-09,Uganda,65070
Chevrolet,Traverse,2008,2022-03-14,Kazakhstan,52231
Mercedes-Benz,GLC,1991,2023-05-06,Nicaragua,64606
Volkswagen,Jetta,1999,2019-08-04,Lithuania,70719
Mercedes-Benz,C-Class,1980,2020-07-29,Mayotte,531020
Nissan,Titan,2007,2021-09-02,Zimbabwe,68446
Toyota,Tacoma,1980,2020-09-18,Botswana,75399
Honda,Odyssey,1982,2022-10-03,Papua New Guinea,75901
Mercedes-Benz,GLE,1987,2022-09-28,Taiwan,656090
Tesla,Cybertruck,2016,2022-02-22,Italy,42405
Honda,Pilot,2000,2023-12-07,New Caledonia,11311
Mercedes-Benz,GLC,1996,2022-11-29,Bermuda,44830
Honda,Pilot,1979,2020-09-23,Peru,46577
Volkswagen,Jetta,2000,2021-02-09,Egypt,62923
Audi,A6,1997,2023-06-01,Sweden,64258
Wrong Brand,Passat,1984,2022-12-07,Guyana,39186
Chevrolet,Malibu,1970,2023-11-23,Guinea-Bissau,17226
Chevrolet,Traverse,2016,2022-05-24,Chad,79577
Ford,Explorer,1996,2022-11-02,Aruba,21808
Honda,Civic,1982,2022-02-14,Finland,10177
Toyota,Corolla,1998,2019-04-03,Angola,61453
BMW,X3,2019,2020-02-17,Libyan Arab Jamahiriya,54474
Honda,Pilot,2018,2023-12-21,Cote d'Ivoire,63410
Mercedes-Benz,E-Class,1973,2021-05-15,United States of America,62543
BMW,X5,2018,1993-10-27,Russian Federation,21655
Wrong Brand,Mustang,2004,2020-10-23,Brunei Darussalam,43337
Audi,A6,1977,2021-12-28,Antarctica (the territory South of 60 deg S),71951
Toyota,Corolla,1975,2020-01-26,Sri Lanka,48117
Nissan,Titan,2023,2021-05-16,El Salvador,19518
BMW,X5,2009,2021-02-11,Switzerland,50409
Nissan,Pathfinder,2019,2021-06-23,South Africa,33518
Tesla,Model X,1996,2022-06-17,Comoros,68665
Volkswagen,Golf,1977,1998-04-07,Canada,20015
Honda,Pilot,2001,2021-09-14,Nigeria,507090
BMW,5 Series,1981,2022-05-08,Hungary,53955
Chevrolet,Malibu,1993,2022-12-24,Central African Republic,55512
Volkswagen,Jetta,1976,2022-10-27,Lesotho,77869
Tesla,Model Y,2023,2020-08-23,Qatar,47074
Wrong Brand,3 Series,1998,2023-09-19,Swaziland,66460
Wrong Brand,Model 3,1990,2020-05-01,Tanzania,35251
Audi,A6,1992,2023-11-01,Libyan Arab Jamahiriya,17131
Tesla,Model 3,1986,2022-01-15,Egypt,33561
BMW,X5,1997,2021-06-29,Nigeria,17470
Ford,Mustang,2007,2019-02-24,Saint Kitts and Nevis,66646
Volkswagen,Jetta,1977,2021-02-26,Madagascar,20915
Audi,A3,1982,2022-12-15,Romania,41069
Toyota,Highlander,1981,2021-05-14,Iraq,72736
Ford,Explorer,2005,2020-10-11,New Zealand,25468
Ford,Mustang,1973,2023-06-08,Nicaragua,49970
Mercedes-Benz,GLC,2014,2019-08-24,Angola,60541
Mercedes-Benz,S-Class,1973,2020-04-05,Hungary,70262
Nissan,Altima,2014,2021-08-21,Tunisia,41481
Ford,Focus,1971,2020-05-27,Armenia,54942
Mercedes-Benz,S-Class,1992,2023-01-17,Dominica,26640
Volkswagen,Jetta,1997,2021-09-28,Ecuador,75646
Volkswagen,Atlas,1995,2022-08-31,Northern Mariana Islands,63522
Mercedes-Benz,C-Class,1986,2023-02-25,Gambia,66258
Volkswagen,Passat,1978,2021-05-15,Cuba,42383
Honda,Civic,1982,2020-02-07,Saint Lucia,68835
Honda,Accord,1996,2019-02-14,Denmark,77880
Ford,Escape,2016,2023-11-19,Thailand,47420
Volkswagen,Golf,2009,2020-10-08,Ethiopia,30834
Volkswagen,Golf,2015,2021-03-27,Marshall Islands,18996
Toyota,Corolla,2009,2020-01-02,Brunei Darussalam,604650
Honda,Pilot,1987,2006-09-28,Gambia,72728
Ford,Escape,2011,2021-06-11,Papua New Guinea,55693
Toyota,Camry,2000,2020-10-17,Guyana,70558
Audi,A3,2009,2023-01-16,Mayotte,44266
Toyota,Camry,2007,2022-02-04,Lithuania,32700
Chevrolet,Malibu,1987,2020-09-08,Mozambique,15535
Audi,A3,1994,2021-11-23,Barbados,30377
Honda,Odyssey,1975,2020-03-02,Netherlands,15868
Honda,Odyssey,2001,2019-09-30,Lebanon,11716
Audi,A4,2020,2023-06-05,Denmark,69976
Honda,Accord,2023,2004-02-07,United States Virgin Islands,33087
Toyota,RAV4,1987,2020-12-08,Uzbekistan,27328
BMW,7 Series,2003,2020-03-10,Palau,21103
Ford,Escape,2005,2021-04-07,United States of America,65011
Toyota,Highlander,2013,2023-04-14,Cameroon,599060
Honda,Odyssey,1991,2021-02-11,Namibia,28562
Chevrolet,Silverado,2021,2022-12-16,Gabon,11270
Volkswagen,Atlas,2009,2023-11-29,Tokelau,38743
Ford,Explorer,1982,2022-05-26,Saint Lucia,39599
Wrong Brand,Escape,1980,2023-10-13,Switzerland,43779
Honda,Accord,2013,2022-09-20,Fiji,60301
Mercedes-Benz,GLE,2021,1987-06-26,Ukraine,34893
BMW,X3,2020,2020-07-16,Japan,15190
Chevrolet,Traverse,1993,2022-12-12,Nauru,61227
Chevrolet,Cruze,2013,2022-07-04,Norfolk Island,65779
Wrong Brand,GLC,2001,2022-07-05,Gibraltar,321420
Toyota,Tacoma,1970,2019-03-11,Togo,66801
Wrong Brand,Odyssey,2008,2021-10-18,Afghanistan,65446
Wrong Brand,A3,2009,2021-07-26,Haiti,76239
Ford,Mustang,1979,2021-01-10,Micronesia,58203
Mercedes-Benz,GLC,2000,2022-12-12,Grenada,16486
Audi,Q7,1998,2024-01-02,Qatar,20539
Toyota,Highlander,2019,2023-12-13,Timor-Leste,71515
Volkswagen,Golf,1992,2020-11-15,Guam,12335
BMW,3 Series,1970,2022-10-20,Saint Helena,50397
Chevrolet,Silverado,2020,2021-11-07,Svalbard & Jan Mayen Islands,78914
Audi,A6,2021,2020-02-05,Brazil,18465
Chevrolet,Traverse,1992,2020-09-21,Cocos (Keeling) Islands,27082
Mercedes-Benz,E-Class,1995,2021-05-16,Switzerland,59374
Ford,Focus,2019,2021-05-06,Solomon Islands,63936
Tesla,Model 3,2012,2019-06-07,Poland,33999
Ford,Escape,2011,2023-04-26,British Indian Ocean Territory (Chagos Archipelago),20914
Audi,Q5,2020,2022-05-25,Morocco,31356
Mercedes-Benz,S-Class,2016,2019-11-07,Netherlands Antilles,73373
Volkswagen,Passat,1975,2023-11-29,Libyan Arab Jamahiriya,45702
Toyota,Highlander,2011,2023-06-01,Denmark,58998
Ford,Mustang,2008,2021-10-14,Bouvet Island (Bouvetoya),28394
Mercedes-Benz,S-Class,1991,2022-10-03,Andorra,38772
Mercedes-Benz,E-Class,2009,2019-10-12,Macao,44267
Chevrolet,Silverado,1982,2022-02-21,Sierra Leone,49256
Tesla,Model X,2001,2020-04-09,Djibouti,404700
Tesla,Model 3,2002,2024-02-03,Zimbabwe,48813
Ford,F-150,2007,2019-03-15,Greenland,77947
Chevrolet,Equinox,2012,2019-04-23,Philippines,12359
Nissan,Altima,1973,2022-03-12,Trinidad and Tobago,74386
Tesla,Cybertruck,2001,2022-11-26,Croatia,15714
Mercedes-Benz,GLC,1986,2020-11-30,Malawi,35278
BMW,3 Series,2010,2019-02-18,British Virgin Islands,595390
Chevrolet,Malibu,2015,2023-03-04,Aruba,25053
Audi,A6,1988,1994-10-29,South Georgia and the South Sandwich Islands,62289
Tesla,Model Y,1996,2022-05-12,Spain,63244
Honda,CR-V,2021,2023-04-24,Mauritania,11098
Wrong Brand,Camry,1996,2022-07-13,Oman,56981
Toyota,Highlander,1983,2021-05-20,Mozambique,19417
Tesla,Model X,2016,2019-03-26,Martinique,62577
Mercedes-Benz,S-Class,1987,2022-04-21,Bolivia,27285
Tesla,Model 3,1986,2019-09-05,Tokelau,36143
Toyota,RAV4,2011,2019-12-01,Singapore,45488
Volkswagen,Tiguan,2012,2024-01-21,Congo,31643
Tesla,Cybertruck,2015,2019-09-15,Central African Republic,41203
Tesla,Model X,1975,2020-04-01,Azerbaijan,54048
Tesla,Model S,1984,2021-01-11,United Kingdom,65019
Mercedes-Benz,GLE,1999,2019-10-19,Bermuda,74269
Chevrolet,Cruze,1988,2024-01-14,Switzerland,66910
BMW,X3,1973,2022-09-30,Heard Island and McDonald Islands,23956
Toyota,Corolla,1975,2023-09-07,Belize,19029
Toyota,Highlander,2013,2019-06-06,Benin,36352
Toyota,Highlander,1978,2021-11-06,Latvia,59565
Mercedes-Benz,GLE,2022,2022-06-02,Tonga,55483
Chevrolet,Silverado,1997,2021-08-11,Fiji,35857
Toyota,Tacoma,2020,2019-05-08,Bahrain,53371
Nissan,Sentra,2009,2021-11-21,Bosnia and Herzegovina,57256
Volkswagen,Passat,1993,2022-10-26,Lithuania,48453
Audi,Q5,2017,2020-04-04,American Samoa,66402
Ford,Explorer,2014,2021-02-12,Pakistan,48472
Honda,Civic,1981,2022-09-29,Sao Tome and Principe,36328
Mercedes-Benz,C-Class,2006,2020-06-10,Bulgaria,68066
Chevrolet,Cruze,1994,2020-04-13,Gabon,17952
Mercedes-Benz,C-Class,1975,2020-05-25,Vanuatu,70485
Mercedes-Benz,E-Class,2001,2021-06-28,Singapore,29265
Ford,Explorer,1973,2020-08-01,Guinea,12512
Audi,A4,2005,2023-12-28,China,77491
Mercedes-Benz,GLC,1975,2021-04-15,Israel,10920
Honda,Pilot,2013,2022-04-18,Jersey,63805
BMW,7 Series,1993,2020-06-29,Pakistan,746020
Tesla,Cybertruck,2016,2023-05-26,Peru,26880
BMW,7 Series,2017,2021-06-10,Trinidad and Tobago,79494
Volkswagen,Tiguan,1972,2019-04-22,Guernsey,65040
Toyota,Corolla,1972,2020-09-17,Samoa,43558
Toyota,Highlander,2013,2021-03-08,Seychelles,61816
Tesla,Model Y,2019,2019-04-04,Iran,14011
Mercedes-Benz,GLE,2019,2003-06-29,Sierra Leone,11918
Nissan,Rogue,1996,2022-04-12,Oman,51838
Volkswagen,Tiguan,1990,2021-04-10,French Polynesia,79177
Honda,Civic,2020,2020-08-24,Myanmar,64141
Nissan,Pathfinder,1977,2024-01-14,Denmark,26117
Mercedes-Benz,GLE,1972,2020-01-22,Montenegro,44547
Wrong Brand,5 Series,2003,2019-12-30,Sri Lanka,24094
BMW,7 Series,1991,2020-03-26,Luxembourg,27605
BMW,5 Series,2013,2020-06-30,Serbia,21882
Chevrolet,Malibu,1973,2019-03-30,Kyrgyz Republic,54534
Nissan,Pathfinder,2023,2022-11-10,Holy See (Vatican City State),375230
Tesla,Cybertruck,1978,2024-01-30,Norfolk Island,28965
Wrong Brand,Mustang,1976,2022-11-18,Georgia,46593
Tesla,Cybertruck,2009,2021-12-21,Namibia,23157
Chevrolet,Traverse,1994,2023-07-18,Haiti,672670
Nissan,Altima,2019,2023-07-21,Ecuador,15633
Nissan,Rogue,1980,2019-10-28,Oman,14117
Chevrolet,Malibu,2004,2019-06-28,Sao Tome and Principe,26044
Tesla,Model S,2022,2019-08-30,Saint Vincent and the Grenadines,79951
Audi,A4,2003,2022-08-25,Saint Barthelemy,78594
Tesla,Model X,1978,2023-01-27,South Africa,47588
Wrong Brand,Altima,1990,2021-01-09,Kenya,74822
Nissan,Pathfinder,2016,2023-03-31,Estonia,31355
Toyota,RAV4,1995,2019-06-19,Palau,74319
Mercedes-Benz,E-Class,1994,2019-12-03,Nicaragua,30735
Nissan,Rogue,2020,2020-01-19,Niger,44106
Mercedes-Benz,C-Class,2005,2005-10-13,Turkmenistan,53478
Volkswagen,Atlas,1975,2020-06-14,French Guiana,25278
Volkswagen,Passat,2016,2023-01-31,Malta,48821
Volkswagen,Jetta,2009,2021-07-25,Colombia,28880
Honda,Pilot,2017,2019-12-03,Aruba,62246
Volkswagen,Tiguan,2011,2020-05-22,Cambodia,79720
Wrong Brand,Q5,2010,2023-08-07,Burkina Faso,17688
Audi,Q7,2013,1999-08-07,Mauritania,20138
Tesla,Model S,2013,2021-11-07,Maldives,11687
Audi,Q7,1987,2019-04-04,Chad,73228
BMW,X5,2006,2020-04-18,Philippines,18316
Volkswagen,Golf,2023,2019-05-08,Marshall Islands,45714
Nissan,Pathfinder,2006,2023-08-25,Madagascar,17187
Tesla,Model X,2007,2019-09-25,Madagascar,22706
Tesla,Model X,2020,2023-12-23,Vietnam,54095
Toyota,RAV4,1992,2021-07-27,Portugal,15474
Tesla,Model X,1975,2020-03-03,Colombia,55426
Tesla,Model Y,2003,2022-04-14,Afghanistan,55521
Volkswagen,Atlas,2015,2021-12-30,Georgia,69027
Chevrolet,Equinox,1988,2019-05-21,Seychelles,41577
Volkswagen,Atlas,1994,2020-12-29,French Southern Territories,13729
Audi,A6,2007,2021-08-09,Lesotho,44585
Honda,Odyssey,1973,2020-04-04,Palestinian Territory,39836
Mercedes-Benz,GLC,2009,2020-01-26,Uganda,78289
Volkswagen,Tiguan,1971,2022-11-29,Congo,76021
Ford,Focus,1977,2023-01-10,Togo,47295
Honda,Civic,1984,2021-05-11,Lebanon,26469
Chevrolet,Cruze,2017,2019-08-25,Liberia,57074
Audi,A4,2018,2021-06-06,Uganda,57831
Chevrolet,Malibu,2017,2020-12-25,North Macedonia,49304
BMW,X5,1994,2021-06-15,Gambia,30660
Mercedes-Benz,E-Class,1974,2020-03-10,Somalia,531430
Wrong Brand,Jetta,1998,2019-09-20,Bangladesh,32489
Mercedes-Benz,C-Class,1990,2021-03-31,New Zealand,75484
Wrong Brand,C-Class,1981,2020-08-04,Sierra Leone,68576
Toyota,Corolla,1988,2022-10-23,Namibia,31388
Audi,A6,2022,2023-07-06,Kazakhstan,39695
Wrong Brand,Altima,1984,1987-12-21,Argentina,75293
Ford,Explorer,1981,2022-11-14,Palau,42963
BMW,X5,1983,2022-06-11,Cote d'Ivoire,12299
Tesla,Cybertruck,1970,2021-02-27,Nepal,42128
Nissan,Altima,2021,2019-04-14,Bahrain,51381
Toyota,Camry,1983,2020-11-06,Niue,16542
Mercedes-Benz,C-Class,2016,2021-05-19,Costa Rica,33181
Nissan,Titan,1984,2023-12-01,Suriname,67353
Toyota,Highlander,2006,2022-10-29,Saint Kitts and Nevis,44056
Chevrolet,Traverse,1994,2021-09-17,Djibouti,76006
Ford,F-150,1981,2019-07-16,Uzbekistan,55877
Ford,Mustang,2001,2022-07-28,Timor-Leste,23440
Nissan,Altima,1997,1984-07-08,Holy See (Vatican City State),11075
Toyota,RAV4,1998,2023-02-05,Botswana,48883
BMW,3 Series,1981,2023-09-15,Malawi,10456
Honda,Civic,1974,2023-11-01,Lebanon,23422
Toyota,RAV4,1998,2022-05-07,Saint Barthelemy,33732
Nissan,Pathfinder,1971,2021-11-22,Georgia,41548
Volkswagen,Golf,1992,2020-11-15,Guam,12335
Chevrolet,Silverado,1971,2022-11-02,Belize,44276
Wrong Brand,Escape,1990,2022-07-05,Ethiopia,27218
Honda,Odyssey,2014,2022-08-24,New Zealand,42693
Ford,Escape,2001,2022-09-18,Wallis and Futuna,68842
Nissan,Sentra,2021,2019-07-28,Cameroon,36125
Honda,Accord,1984,2019-10-20,Antigua and Barbuda,45847
Wrong Brand,Jetta,1985,2020-06-01,Micronesia,20885
Volkswagen,Golf,2009,2020-10-08,Ethiopia,30834
Ford,Explorer,2015,2020-03-09,Uganda,65070
Honda,CR-V,2021,2023-04-24,Mauritania,11098
Volkswagen,Passat,2009,2021-12-22,Wallis and Futuna,44801
BMW,X3,1980,2020-02-09,Bosnia and Herzegovina,44707
Wrong Brand,Traverse,2019,2021-05-27,Qatar,55592
Toyota,Corolla,2011,2024-01-13,Myanmar,51928
Ford,Explorer,2003,2022-11-02,Malaysia,21457
BMW,7 Series,2020,1990-07-27,Gambia,69448
Volkswagen,Jetta,2010,2021-10-14,American Samoa,68014
Tesla,Model X,1986,2020-09-01,India,41532
Tesla,Model 3,1986,2022-01-15,Egypt,33561
Ford,Explorer,1988,2019-11-30,Luxembourg,39466
Volkswagen,Golf,1992,2022-09-20,Reunion,77244
Mercedes-Benz,GLE,1974,2019-09-10,Belize,52712
Toyota,RAV4,1989,2021-08-15,Syrian Arab Republic,24515
Volkswagen,Atlas,1999,2021-11-05,Chad,49191
