Classification Name,Classification Code,Country Name,Country Code,Time,Time Code,Cost of an energy sufficient diet [CoCA],Cost of a nutrient adequate diet [CoNA],Cost of a healthy diet [CoHD],Cost of fruits [CoHD_f],Cost of starchy staples [CoHD_ss],Cost of vegetables [CoHD_v],Cost of a healthy diet relative to the cost of sufficient energy from starchy staples [CoHD_CoCA],"Cost of legumes, nuts and seeds [CoHD_lns]",Cost of animal-source foods [CoHD_asf],Cost of oils and fats [CoHD_of],Cost share for fruits in a least-cost healthy diet [CoHD_f_prop],Cost share for vegetables in a least-cost healthy diet [CoHD_v_prop],Cost share for starchy staples in a least-cost healthy diet [CoHD_ss_prop],Cost share for animal-sourced foods in a least-cost healthy diet [CoHD_asf_prop],"Cost share for legumes, nuts and seeds in a least-cost healthy diet [CoHD_lns_prop]",Cost share for oils and fats in a least-cost healthy diet [CoHD_of_prop],Cost of fruits relative to the starchy staples in a least-cost healthy diet [CoHD_f_ss],Cost of vegetables relative to the starchy staples in a least-cost healthy diet [CoHD_v_ss],Cost of animal-sourced foods relative to the starchy staples in a least-cost healthy diet [CoHD_asf_ss],"Cost of legumes, nuts and seeds relative to the starchy staples in a least-cost healthy diet [CoHD_lns_ss]",Cost of oils and fats relative to the starchy staples in a least-cost healthy diet [CoHD_of_ss],Percent of the population who cannot afford nutrient adequacy [CoNA_headcount],Percent of the population who cannot afford sufficient calories [CoCA_headcount],Percent of the population who cannot afford a healthy diet [CoHD_headcount],Population [Pop]
Food Prices for Nutrition 1.0,FPN 1.0,Greece,GRC,2017,YR2017,0.672,2.557,3.037,0.581,0.41,0.742,4.52,0.41,0.797,0.096,0.191,0.244,0.135,0.262,0.135,0.032,1.42,1.81,1.94,1,0.23,2.9,0.5,4.3,10754679
Food Prices for Nutrition 1.0,FPN 1.0,Greece,GRC,2018,YR2018,..,..,3.102,..,..,..,..,..,..,..,..,..,..,..,..,..,..,..,..,..,..,..,..,2.7,10732882
Food Prices for Nutrition 1.0,FPN 1.0,Greece,GRC,2019,YR2019,..,..,3.065,..,..,..,..,..,..,..,..,..,..,..,..,..,..,..,..,..,..,..,..,3.1,10721582
Food Prices for Nutrition 1.0,FPN 1.0,Greece,GRC,2020,YR2020,..,..,3.13,..,..,..,..,..,..,..,..,..,..,..,..,..,..,..,..,..,..,..,..,3.2,10715549
Food Prices for Nutrition 1.0,FPN 1.0,Greece,GRC,2021,YR2021,..,..,..,..,..,..,..,..,..,..,..,..,..,..,..,..,..,..,..,..,..,..,..,..,..
Food Prices for Nutrition 1.0,FPN 1.0,France,FRA,2017,YR2017,0.315,1.874,2.936,0.859,0.246,0.848,9.32,0.277,0.64,0.066,0.293,0.289,0.084,0.218,0.094,0.022,3.49,3.45,2.6,1.13,0.27,0,0,0.1,66918020
Food Prices for Nutrition 1.0,FPN 1.0,France,FRA,2018,YR2018,..,..,3.019,..,..,..,..,..,..,..,..,..,..,..,..,..,..,..,..,..,..,..,..,0.1,67101930
Food Prices for Nutrition 1.0,FPN 1.0,France,FRA,2019,YR2019,..,..,3.067,..,..,..,..,..,..,..,..,..,..,..,..,..,..,..,..,..,..,..,..,0.1,67248926
Food Prices for Nutrition 1.0,FPN 1.0,France,FRA,2020,YR2020,..,..,3.219,..,..,..,..,..,..,..,..,..,..,..,..,..,..,..,..,..,..,..,..,0.1,67391582
Food Prices for Nutrition 1.0,FPN 1.0,France,FRA,2021,YR2021,..,..,..,..,..,..,..,..,..,..,..,..,..,..,..,..,..,..,..,..,..,..,..,..,..
Food Prices for Nutrition 1.0,FPN 1.0,Germany,DEU,2017,YR2017,0.262,2.224,2.786,0.714,0.235,0.816,10.63,0.301,0.666,0.052,0.256,0.293,0.084,0.239,0.108,0.019,3.04,3.47,2.83,1.28,0.22,0.2,0,0.2,82657002
Food Prices for Nutrition 1.0,FPN 1.0,Germany,DEU,2018,YR2018,..,..,2.917,..,..,..,..,..,..,..,..,..,..,..,..,..,..,..,..,..,..,..,..,0.2,82905782
Food Prices for Nutrition 1.0,FPN 1.0,Germany,DEU,2019,YR2019,..,..,2.881,..,..,..,..,..,..,..,..,..,..,..,..,..,..,..,..,..,..,..,..,0.2,83092962
Food Prices for Nutrition 1.0,FPN 1.0,Germany,DEU,2020,YR2020,..,..,3.025,..,..,..,..,..,..,..,..,..,..,..,..,..,..,..,..,..,..,..,..,0.2,83240525
Food Prices for Nutrition 1.0,FPN 1.0,Germany,DEU,2021,YR2021,..,..,..,..,..,..,..,..,..,..,..,..,..,..,..,..,..,..,..,..,..,..,..,..,..
Food Prices for Nutrition 1.0,FPN 1.0,Italy,ITA,2017,YR2017,0.312,2.226,2.885,0.812,0.221,0.751,9.25,0.266,0.778,0.057,0.281,0.26,0.077,0.27,0.092,0.02,3.67,3.4,3.52,1.2,0.26,2.1,1,2.9,60536709
Food Prices for Nutrition 1.0,FPN 1.0,Italy,ITA,2018,YR2018,..,..,2.979,..,..,..,..,..,..,..,..,..,..,..,..,..,..,..,..,..,..,..,..,2.9,60421760
Food Prices for Nutrition 1.0,FPN 1.0,Italy,ITA,2019,YR2019,..,..,3.012,..,..,..,..,..,..,..,..,..,..,..,..,..,..,..,..,..,..,..,..,2.8,59729081
Food Prices for Nutrition 1.0,FPN 1.0,Italy,ITA,2020,YR2020,..,..,3.144,..,..,..,..,..,..,..,..,..,..,..,..,..,..,..,..,..,..,..,..,2.9,59554023
Food Prices for Nutrition 1.0,FPN 1.0,Italy,ITA,2021,YR2021,..,..,..,..,..,..,..,..,..,..,..,..,..,..,..,..,..,..,..,..,..,..,..,..,..
Food Prices for Nutrition 1.1,FPN 1.1,Greece,GRC,2017,YR2017,0.672,2.557,3.037,0.581,0.41,0.742,4.52,0.41,0.797,0.096,0.191,0.244,0.135,0.262,0.135,0.032,1.42,1.81,1.94,1,0.23,2.6,0.5,3.8,10754679
Food Prices for Nutrition 1.1,FPN 1.1,Greece,GRC,2018,YR2018,..,..,3.102,..,..,..,..,..,..,..,..,..,..,..,..,..,..,..,..,..,..,..,..,2.1,10732882
Food Prices for Nutrition 1.1,FPN 1.1,Greece,GRC,2019,YR2019,..,..,3.065,..,..,..,..,..,..,..,..,..,..,..,..,..,..,..,..,..,..,..,..,2.7,10721582
Food Prices for Nutrition 1.1,FPN 1.1,Greece,GRC,2020,YR2020,..,..,3.13,..,..,..,..,..,..,..,..,..,..,..,..,..,..,..,..,..,..,..,..,2.8,10698599
Food Prices for Nutrition 1.1,FPN 1.1,Greece,GRC,2021,YR2021,..,..,..,..,..,..,..,..,..,..,..,..,..,..,..,..,..,..,..,..,..,..,..,..,..
Food Prices for Nutrition 1.1,FPN 1.1,France,FRA,2017,YR2017,0.315,1.874,2.936,0.859,0.246,0.848,9.32,0.277,0.64,0.066,0.293,0.289,0.084,0.218,0.094,0.022,3.49,3.45,2.6,1.13,0.27,0,0,0.1,66918020
Food Prices for Nutrition 1.1,FPN 1.1,France,FRA,2018,YR2018,..,..,3.019,..,..,..,..,..,..,..,..,..,..,..,..,..,..,..,..,..,..,..,..,0.1,67158348
Food Prices for Nutrition 1.1,FPN 1.1,France,FRA,2019,YR2019,..,..,3.067,..,..,..,..,..,..,..,..,..,..,..,..,..,..,..,..,..,..,..,..,0.1,67388001
Food Prices for Nutrition 1.1,FPN 1.1,France,FRA,2020,YR2020,..,..,3.219,..,..,..,..,..,..,..,..,..,..,..,..,..,..,..,..,..,..,..,..,0.1,67571107
Food Prices for Nutrition 1.1,FPN 1.1,France,FRA,2021,YR2021,..,..,..,..,..,..,..,..,..,..,..,..,..,..,..,..,..,..,..,..,..,..,..,..,..
Food Prices for Nutrition 1.1,FPN 1.1,Germany,DEU,2017,YR2017,0.262,2.224,2.786,0.714,0.235,0.816,10.63,0.301,0.666,0.052,0.256,0.293,0.084,0.239,0.108,0.019,3.04,3.47,2.83,1.28,0.22,0.2,0,0.2,82657002
Food Prices for Nutrition 1.1,FPN 1.1,Germany,DEU,2018,YR2018,..,..,2.917,..,..,..,..,..,..,..,..,..,..,..,..,..,..,..,..,..,..,..,..,0.2,82905782
Food Prices for Nutrition 1.1,FPN 1.1,Germany,DEU,2019,YR2019,..,..,2.881,..,..,..,..,..,..,..,..,..,..,..,..,..,..,..,..,..,..,..,..,0.2,83092962
Food Prices for Nutrition 1.1,FPN 1.1,Germany,DEU,2020,YR2020,..,..,3.025,..,..,..,..,..,..,..,..,..,..,..,..,..,..,..,..,..,..,..,..,0.2,83160871
Food Prices for Nutrition 1.1,FPN 1.1,Germany,DEU,2021,YR2021,..,..,..,..,..,..,..,..,..,..,..,..,..,..,..,..,..,..,..,..,..,..,..,..,..
Food Prices for Nutrition 1.1,FPN 1.1,Italy,ITA,2017,YR2017,0.312,2.226,2.885,0.812,0.221,0.751,9.25,0.266,0.778,0.057,0.281,0.26,0.077,0.27,0.092,0.02,3.67,3.4,3.52,1.2,0.26,2.1,1,2.8,60536709
Food Prices for Nutrition 1.1,FPN 1.1,Italy,ITA,2018,YR2018,..,..,2.979,..,..,..,..,..,..,..,..,..,..,..,..,..,..,..,..,..,..,..,..,2.8,60421760
Food Prices for Nutrition 1.1,FPN 1.1,Italy,ITA,2019,YR2019,..,..,3.012,..,..,..,..,..,..,..,..,..,..,..,..,..,..,..,..,..,..,..,..,2.7,59729081
Food Prices for Nutrition 1.1,FPN 1.1,Italy,ITA,2020,YR2020,..,..,3.144,..,..,..,..,..,..,..,..,..,..,..,..,..,..,..,..,..,..,..,..,2.8,59438851
Food Prices for Nutrition 1.1,FPN 1.1,Italy,ITA,2021,YR2021,..,..,..,..,..,..,..,..,..,..,..,..,..,..,..,..,..,..,..,..,..,..,..,..,..
Food Prices for Nutrition 2.0,FPN 2.0,Greece,GRC,2017,YR2017,0.672,2.557,3.037,0.581,0.41,0.742,4.52,0.41,0.797,0.096,0.191,0.244,0.135,0.262,0.135,0.032,1.42,1.81,1.94,1,0.23,2.5,0.5,3.8,10754679
Food Prices for Nutrition 2.0,FPN 2.0,Greece,GRC,2018,YR2018,..,..,3.102,..,..,..,..,..,..,..,..,..,..,..,..,..,..,..,..,..,..,..,..,2.1,10732882
Food Prices for Nutrition 2.0,FPN 2.0,Greece,GRC,2019,YR2019,..,..,3.167,..,..,..,..,..,..,..,..,..,..,..,..,..,..,..,..,..,..,..,..,2.9,10721582
Food Prices for Nutrition 2.0,FPN 2.0,Greece,GRC,2020,YR2020,..,..,3.14,..,..,..,..,..,..,..,..,..,..,..,..,..,..,..,..,..,..,..,..,2.7,10698599
Food Prices for Nutrition 2.0,FPN 2.0,Greece,GRC,2021,YR2021,..,..,3.174,..,..,..,..,..,..,..,..,..,..,..,..,..,..,..,..,..,..,..,..,2.2,10641221
Food Prices for Nutrition 2.0,FPN 2.0,France,FRA,2017,YR2017,0.315,1.874,2.936,0.859,0.246,0.848,9.32,0.277,0.64,0.066,0.293,0.289,0.084,0.218,0.094,0.022,3.49,3.45,2.6,1.13,0.27,0,0,0.1,66918020
Food Prices for Nutrition 2.0,FPN 2.0,France,FRA,2018,YR2018,..,..,3.019,..,..,..,..,..,..,..,..,..,..,..,..,..,..,..,..,..,..,..,..,0.1,67158348
Food Prices for Nutrition 2.0,FPN 2.0,France,FRA,2019,YR2019,..,..,3.177,..,..,..,..,..,..,..,..,..,..,..,..,..,..,..,..,..,..,..,..,0.3,67388001
Food Prices for Nutrition 2.0,FPN 2.0,France,FRA,2020,YR2020,..,..,3.238,..,..,..,..,..,..,..,..,..,..,..,..,..,..,..,..,..,..,..,..,0.3,67571107
Food Prices for Nutrition 2.0,FPN 2.0,France,FRA,2021,YR2021,..,..,3.254,..,..,..,..,..,..,..,..,..,..,..,..,..,..,..,..,..,..,..,..,0.2,67749632
Food Prices for Nutrition 2.0,FPN 2.0,Germany,DEU,2017,YR2017,0.262,2.224,2.786,0.714,0.235,0.816,10.63,0.301,0.666,0.052,0.256,0.293,0.084,0.239,0.108,0.019,3.04,3.47,2.83,1.28,0.22,0.7,0.2,0.7,82657002
Food Prices for Nutrition 2.0,FPN 2.0,Germany,DEU,2018,YR2018,..,..,2.917,..,..,..,..,..,..,..,..,..,..,..,..,..,..,..,..,..,..,..,..,0.2,82905782
Food Prices for Nutrition 2.0,FPN 2.0,Germany,DEU,2019,YR2019,..,..,2.984,..,..,..,..,..,..,..,..,..,..,..,..,..,..,..,..,..,..,..,..,0.2,83092962
Food Prices for Nutrition 2.0,FPN 2.0,Germany,DEU,2020,YR2020,..,..,3.038,..,..,..,..,..,..,..,..,..,..,..,..,..,..,..,..,..,..,..,..,0.2,83160871
Food Prices for Nutrition 2.0,FPN 2.0,Germany,DEU,2021,YR2021,..,..,3.082,..,..,..,..,..,..,..,..,..,..,..,..,..,..,..,..,..,..,..,..,0.2,83196078
Food Prices for Nutrition 2.0,FPN 2.0,Italy,ITA,2017,YR2017,0.312,2.226,2.885,0.812,0.221,0.751,9.25,0.266,0.778,0.057,0.281,0.26,0.077,0.27,0.092,0.02,3.67,3.4,3.52,1.2,0.26,2.1,1,2.8,60536709
Food Prices for Nutrition 2.0,FPN 2.0,Italy,ITA,2018,YR2018,..,..,2.979,..,..,..,..,..,..,..,..,..,..,..,..,..,..,..,..,..,..,..,..,2.8,60421760
Food Prices for Nutrition 2.0,FPN 2.0,Italy,ITA,2019,YR2019,..,..,3.121,..,..,..,..,..,..,..,..,..,..,..,..,..,..,..,..,..,..,..,..,2.1,59729081
Food Prices for Nutrition 2.0,FPN 2.0,Italy,ITA,2020,YR2020,..,..,3.154,..,..,..,..,..,..,..,..,..,..,..,..,..,..,..,..,..,..,..,..,1.8,59438851
Food Prices for Nutrition 2.0,FPN 2.0,Italy,ITA,2021,YR2021,..,..,3.168,..,..,..,..,..,..,..,..,..,..,..,..,..,..,..,..,..,..,..,..,1.5,59109668
Food Prices for Nutrition 2.1,FPN 2.1,Greece,GRC,2017,YR2017,0.672,2.557,3.037,0.581,0.41,0.742,4.52,0.41,0.797,0.096,0.191,0.244,0.135,0.262,0.135,0.032,1.42,1.81,1.94,1,0.23,2.5,0.5,3.8,10754679
Food Prices for Nutrition 2.1,FPN 2.1,Greece,GRC,2018,YR2018,..,..,3.102,..,..,..,..,..,..,..,..,..,..,..,..,..,..,..,..,..,..,..,..,2.1,10732882
Food Prices for Nutrition 2.1,FPN 2.1,Greece,GRC,2019,YR2019,..,..,3.167,..,..,..,..,..,..,..,..,..,..,..,..,..,..,..,..,..,..,..,..,2.9,10721582
Food Prices for Nutrition 2.1,FPN 2.1,Greece,GRC,2020,YR2020,..,..,3.14,..,..,..,..,..,..,..,..,..,..,..,..,..,..,..,..,..,..,..,..,2.7,10698599
Food Prices for Nutrition 2.1,FPN 2.1,Greece,GRC,2021,YR2021,..,..,3.174,..,..,..,..,..,..,..,..,..,..,..,..,..,..,..,..,..,..,..,..,2.2,10641221
Food Prices for Nutrition 2.1,FPN 2.1,France,FRA,2017,YR2017,0.315,1.874,2.936,0.859,0.246,0.848,9.32,0.277,0.64,0.066,0.293,0.289,0.084,0.218,0.094,0.022,3.49,3.45,2.6,1.13,0.27,0,0,0.1,66918020
Food Prices for Nutrition 2.1,FPN 2.1,France,FRA,2018,YR2018,..,..,3.019,..,..,..,..,..,..,..,..,..,..,..,..,..,..,..,..,..,..,..,..,0.1,67158348
Food Prices for Nutrition 2.1,FPN 2.1,France,FRA,2019,YR2019,..,..,3.177,..,..,..,..,..,..,..,..,..,..,..,..,..,..,..,..,..,..,..,..,0.3,67388001
Food Prices for Nutrition 2.1,FPN 2.1,France,FRA,2020,YR2020,..,..,3.238,..,..,..,..,..,..,..,..,..,..,..,..,..,..,..,..,..,..,..,..,0.3,67571107
Food Prices for Nutrition 2.1,FPN 2.1,France,FRA,2021,YR2021,..,..,3.254,..,..,..,..,..,..,..,..,..,..,..,..,..,..,..,..,..,..,..,..,0.2,67749632
Food Prices for Nutrition 2.1,FPN 2.1,Germany,DEU,2017,YR2017,0.262,2.224,2.786,0.714,0.235,0.816,10.63,0.301,0.666,0.052,0.256,0.293,0.084,0.239,0.108,0.019,3.04,3.47,2.83,1.28,0.22,0.7,0.2,0.7,82657002
Food Prices for Nutrition 2.1,FPN 2.1,Germany,DEU,2018,YR2018,..,..,2.917,..,..,..,..,..,..,..,..,..,..,..,..,..,..,..,..,..,..,..,..,0.2,82905782
Food Prices for Nutrition 2.1,FPN 2.1,Germany,DEU,2019,YR2019,..,..,2.984,..,..,..,..,..,..,..,..,..,..,..,..,..,..,..,..,..,..,..,..,0.2,83092962
Food Prices for Nutrition 2.1,FPN 2.1,Germany,DEU,2020,YR2020,..,..,3.038,..,..,..,..,..,..,..,..,..,..,..,..,..,..,..,..,..,..,..,..,0.2,83160871
Food Prices for Nutrition 2.1,FPN 2.1,Germany,DEU,2021,YR2021,..,..,3.082,..,..,..,..,..,..,..,..,..,..,..,..,..,..,..,..,..,..,..,..,0.2,83196078
Food Prices for Nutrition 2.1,FPN 2.1,Italy,ITA,2017,YR2017,0.312,2.226,2.885,0.812,0.221,0.751,9.25,0.266,0.778,0.057,0.281,0.26,0.077,0.27,0.092,0.02,3.67,3.4,3.52,1.2,0.26,2.1,1,2.8,60536709
Food Prices for Nutrition 2.1,FPN 2.1,Italy,ITA,2018,YR2018,..,..,2.979,..,..,..,..,..,..,..,..,..,..,..,..,..,..,..,..,..,..,..,..,2.8,60421760
Food Prices for Nutrition 2.1,FPN 2.1,Italy,ITA,2019,YR2019,..,..,3.121,..,..,..,..,..,..,..,..,..,..,..,..,..,..,..,..,..,..,..,..,2.1,59729081
Food Prices for Nutrition 2.1,FPN 2.1,Italy,ITA,2020,YR2020,..,..,3.154,..,..,..,..,..,..,..,..,..,..,..,..,..,..,..,..,..,..,..,..,1.8,59438851
Food Prices for Nutrition 2.1,FPN 2.1,Italy,ITA,2021,YR2021,..,..,3.168,..,..,..,..,..,..,..,..,..,..,..,..,..,..,..,..,..,..,..,..,1.5,59109668
,,,,,,,,,,,,,,,,,,,,,,,,,,,,,,
,,,,,,,,,,,,,,,,,,,,,,,,,,,,,,
,,,,,,,,,,,,,,,,,,,,,,,,,,,,,,
Data from database: Food Prices for Nutrition,,,,,,,,,,,,,,,,,,,,,,,,,,,,,,
Last Updated: 12/15/2023,,,,,,,,,,,,,,,,,,,,,,,,,,,,,,
Code,Indicator Name,Long definition,Source
CoCA,Cost of an energy sufficient diet,"Cost of the least expensive starchy staple for energy balance, in 2017 PPP$/person/day, for a representative person at 2330 kcal/day. Data available for 2017.","Adapted from Herforth, A., Venkat, A., Bai, Y., Costlow, L., Holleman, C. & Masters, W.A. 2022. Methods and options to monitor globally the cost and affordability of a healthy diet. Background paper for The State of Food Security and Nutrition in the World 2022. Rome, FAO."
CoNA,Cost of a nutrient adequate diet,"Cost of the least expensive locally-available foods for nutrient adequacy, in 2017 PPP$/person/day, for a representative person within upper and lower bounds for 23 essential macro- and micronutrients plus energy balance at 2330 kcal/day. Data available for 2017.","Adapted from Herforth, A., Venkat, A., Bai, Y., Costlow, L., Holleman, C. & Masters, W.A. 2022. Methods and options to monitor globally the cost and affordability of a healthy diet. Background paper for The State of Food Security and Nutrition in the World 2022. Rome, FAO."
CoHD,Cost of a healthy diet,"The cost of a healthy diet indicator is the cost of purchasing the least expensive locally available foods to meet requirements for energy and food-based dietary guidelines (FBDGs), in current PPP$/person/day, for a representative person within energy balance at 2330 kcal/day. Data available for 2017, 2018, 2019, 2020 and 2021. PPPs in 2018, and/or 2019, and/or 2020, and/or 2021 are imputed by the Food and Agriculture Organization of the United Nations for the given countries of Argentina, Aruba, Bermuda, British Virgin Islands, Cayman Islands, Curaçao, Democratic Republic of the Congo, Dominica, Djibouti, Equatorial Guinea, Eswatini, Gabon, Kazakhstan, Liberia, Malawi, Myanmar, Sao Tome and Principe, Senegal, Seychelles, Sint Maarten (Dutch part), Suriname, Tajikistan, United Arab Emirates and Zimbabwe.","Adapted from Herforth, A., Venkat, A., Bai, Y., Costlow, L., Holleman, C. & Masters, W.A. 2022. Methods and options to monitor globally the cost and affordability of a healthy diet. Background paper for The State of Food Security and Nutrition in the World 2022. Rome, FAO."
CoHD_f,Cost of fruits,"The cost of purchasing the least expensive locally available fruits to meet daily intake levels recommended in food-based dietary guidelines (FBDGs), in 2017 PPP$/person/day. Fruits are one of the six food groups within the Healthy Diet Basket. Data available for 2017.","Adapted from Herforth, A., Venkat, A., Bai, Y., Costlow, L., Holleman, C. & Masters, W.A. 2022. Methods and options to monitor globally the cost and affordability of a healthy diet. Background paper for The State of Food Security and Nutrition in the World 2022. Rome, FAO."
CoHD_ss,Cost of starchy staples,"The cost of purchasing the least expensive locally available starchy staples to meet daily intake levels recommended in food-based dietary guidelines (FBDGs), in 2017 PPP$/person/day. Starchy staples are one of the six food groups within the Healthy Diet Basket. Data available for 2017.","Adapted from Herforth, A., Venkat, A., Bai, Y., Costlow, L., Holleman, C. & Masters, W.A. 2022. Methods and options to monitor globally the cost and affordability of a healthy diet. Background paper for The State of Food Security and Nutrition in the World 2022. Rome, FAO."
CoHD_v,Cost of vegetables,"The cost of purchasing the least expensive locally available vegetables to meet daily intake levels recommended in food-based dietary guidelines (FBDGs), in 2017 PPP$/person/day. Vegetables are one of the six food groups within the Healthy Diet Basket. Data available for 2017.","Adapted from Herforth, A., Venkat, A., Bai, Y., Costlow, L., Holleman, C. & Masters, W.A. 2022. Methods and options to monitor globally the cost and affordability of a healthy diet. Background paper for The State of Food Security and Nutrition in the World 2022. Rome, FAO."
CoHD_CoCA,Cost of a healthy diet relative to the cost of sufficient energy from starchy staples,Ratio between the cost of a healthy diet (CoHD) that meets requirements for energy and food-based dietary guidelines (FBDGs) and the cost of caloric adequacy (CoCA) that uses only starchy staples to meet energy requirements. Data available for 2017.,"Adapted from Herforth, A., Venkat, A., Bai, Y., Costlow, L., Holleman, C. & Masters, W.A. 2022. Methods and options to monitor globally the cost and affordability of a healthy diet. Background paper for The State of Food Security and Nutrition in the World 2022. Rome, FAO."
CoHD_lns,"Cost of legumes, nuts and seeds","The cost of purchasing the least expensive locally available legumes, nuts and seeds to meet daily intake levels recommended in food-based dietary guidelines (FBDGs), in 2017 PPP$/person/day. Legumes, nuts and seeds are one of the six food groups within the Healthy Diet Basket. Data available for 2017.","Adapted from Herforth, A., Venkat, A., Bai, Y., Costlow, L., Holleman, C. & Masters, W.A. 2022. Methods and options to monitor globally the cost and affordability of a healthy diet. Background paper for The State of Food Security and Nutrition in the World 2022. Rome, FAO."
CoHD_asf,Cost of animal-source foods,"The cost of purchasing the least expensive locally available animal-source foods to meet daily intake levels recommended in food-based dietary guidelines (FBDGs), in 2017 PPP$/person/day. Animal-source foods are one of the six food groups within the Healthy Diet Basket. Data available for 2017.","Adapted from Herforth, A., Venkat, A., Bai, Y., Costlow, L., Holleman, C. & Masters, W.A. 2022. Methods and options to monitor globally the cost and affordability of a healthy diet. Background paper for The State of Food Security and Nutrition in the World 2022. Rome, FAO."
CoHD_of,Cost of oils and fats,"The cost of purchasing the least expensive locally available fats or oils to meet daily intake levels recommended in food-based dietary guidelines (FBDGs), in 2017 PPP$/person/day. Fats and oils are one of the six food groups within the Healthy Diet Basket. Data available for 2017.","Adapted from Herforth, A., Venkat, A., Bai, Y., Costlow, L., Holleman, C. & Masters, W.A. 2022. Methods and options to monitor globally the cost and affordability of a healthy diet. Background paper for The State of Food Security and Nutrition in the World 2022. Rome, FAO."
CoHD_f_prop,Cost share for fruits in a least-cost healthy diet,"Share of costs for the least expensive fruits to meet daily recommendations in food-based dietary guidelines (FBDGs), as a proportion of the total cost of a healthy diet. Data available for 2017.","Adapted from Herforth, A., Venkat, A., Bai, Y., Costlow, L., Holleman, C. & Masters, W.A. 2022. Methods and options to monitor globally the cost and affordability of a healthy diet. Background paper for The State of Food Security and Nutrition in the World 2022. Rome, FAO."
CoHD_v_prop,Cost share for vegetables in a least-cost healthy diet,"Share of costs for the least expensive vegetables to meet daily recommendations in food-based dietary guidelines (FBDGs), as a proportion of the total cost of a healthy diet. Data available for 2017.","Adapted from Herforth, A., Venkat, A., Bai, Y., Costlow, L., Holleman, C. & Masters, W.A. 2022. Methods and options to monitor globally the cost and affordability of a healthy diet. Background paper for The State of Food Security and Nutrition in the World 2022. Rome, FAO."
CoHD_ss_prop,Cost share for starchy staples in a least-cost healthy diet,"Share of costs for the least expensive starchy staples to meet daily recommendations in food-based dietary guidelines (FBDGs), as a proportion of the total cost of a healthy diet. Data available for 2017.","Adapted from Herforth, A., Venkat, A., Bai, Y., Costlow, L., Holleman, C. & Masters, W.A. 2022. Methods and options to monitor globally the cost and affordability of a healthy diet. Background paper for The State of Food Security and Nutrition in the World 2022. Rome, FAO."
CoHD_asf_prop,Cost share for animal-sourced foods in a least-cost healthy diet,"Share of costs for the least expensive animal-source foods to meet daily recommendations in food-based dietary guidelines (FBDGs), as a proportion of the total cost of a healthy diet. Data available for 2017.","Adapted from Herforth, A., Venkat, A., Bai, Y., Costlow, L., Holleman, C. & Masters, W.A. 2022. Methods and options to monitor globally the cost and affordability of a healthy diet. Background paper for The State of Food Security and Nutrition in the World 2022. Rome, FAO."
CoHD_lns_prop,"Cost share for legumes, nuts and seeds in a least-cost healthy diet","Share of costs for the least expensive legumes, nuts or seeds to meet daily recommendations in food-based dietary guidelines (FBDGs), as a proportion of the total cost of a healthy diet. Data available for 2017.","Adapted from Herforth, A., Venkat, A., Bai, Y., Costlow, L., Holleman, C. & Masters, W.A. 2022. Methods and options to monitor globally the cost and affordability of a healthy diet. Background paper for The State of Food Security and Nutrition in the World 2022. Rome, FAO."
CoHD_of_prop,Cost share for oils and fats in a least-cost healthy diet,"Share of costs for the least expensive oils or fats to meet daily recommendations in food-based dietary guidelines (FBDGs), as a proportion of the total cost of a healthy diet. Data available for 2017.","Adapted from Herforth, A., Venkat, A., Bai, Y., Costlow, L., Holleman, C. & Masters, W.A. 2022. Methods and options to monitor globally the cost and affordability of a healthy diet. Background paper for The State of Food Security and Nutrition in the World 2022. Rome, FAO."
CoHD_f_ss,Cost of fruits relative to the starchy staples in a least-cost healthy diet,Cost of the least expensive fruits as a multiple of the least expensive starchy staples to meet daily recommendations in food-based dietary guidelines (FBDGs). Data available for 2017.,"Adapted from Herforth, A., Venkat, A., Bai, Y., Costlow, L., Holleman, C. & Masters, W.A. 2022. Methods and options to monitor globally the cost and affordability of a healthy diet. Background paper for The State of Food Security and Nutrition in the World 2022. Rome, FAO."
CoHD_v_ss,Cost of vegetables relative to the starchy staples in a least-cost healthy diet,Cost of the least expensive vegetables as a multiple of the least expensive starchy staples to meet daily recommendations in food-based dietary guidelines (FBDGs). Data available for 2017.,"Adapted from Herforth, A., Venkat, A., Bai, Y., Costlow, L., Holleman, C. & Masters, W.A. 2022. Methods and options to monitor globally the cost and affordability of a healthy diet. Background paper for The State of Food Security and Nutrition in the World 2022. Rome, FAO."
CoHD_asf_ss,Cost of animal-sourced foods relative to the starchy staples in a least-cost healthy diet,Cost of the least expensive animal-source foods as a multiple of the least expensive starchy staples to meet daily recommendations in food-based dietary guidelines (FBDGs). Data available for 2017.,"Adapted from Herforth, A., Venkat, A., Bai, Y., Costlow, L., Holleman, C. & Masters, W.A. 2022. Methods and options to monitor globally the cost and affordability of a healthy diet. Background paper for The State of Food Security and Nutrition in the World 2022. Rome, FAO."
CoHD_lns_ss,"Cost of legumes, nuts and seeds relative to the starchy staples in a least-cost healthy diet","Cost of the least expensive legumes, nuts and seeds as a multiple of the least expensive starchy staples to meet daily recommendations in food-based dietary guidelines (FBDGs). Data available for 2017.","Adapted from Herforth, A., Venkat, A., Bai, Y., Costlow, L., Holleman, C. & Masters, W.A. 2022. Methods and options to monitor globally the cost and affordability of a healthy diet. Background paper for The State of Food Security and Nutrition in the World 2022. Rome, FAO."
CoHD_of_ss,Cost of oils and fats relative to the starchy staples in a least-cost healthy diet,Cost of the least expensive oils and fats as a multiple of the least expensive starchy staples to meet daily recommendations in food-based dietary guidelines (FBDGs). Data available for 2017.,"Adapted from Herforth, A., Venkat, A., Bai, Y., Costlow, L., Holleman, C. & Masters, W.A. 2022. Methods and options to monitor globally the cost and affordability of a healthy diet. Background paper for The State of Food Security and Nutrition in the World 2022. Rome, FAO."
CoNA_headcount,Percent of the population unable to afford nutrient adequacy,"The indicator expresses the percentage of the total population unable to afford a nutrient adequate diet. A healthy diet is considered unaffordable in a country when its cost exceeds 52 percent of income per capita per day. This percentage accounts for a portion of income that can be credibly reserved for food, based on observations that the population in low-income countries spend, on average, 52 percent of their income on food, as derived from the 2017 national accounts household expenditure data of the World Bank's International Comparison Programme (ICP). Income data are provided by the World Bank’s Poverty and Inequality Platform. A value of zero indicates a null or a small number rounded down at the current precision level. Data are currently available for 2017.","Adapted from Herforth, A., Venkat, A., Bai, Y., Costlow, L., Holleman, C. & Masters, W.A. 2022. Methods and options to monitor globally the cost and affordability of a healthy diet. Background paper for The State of Food Security and Nutrition in the World 2022. Rome, FAO."
CoCA_headcount,Percent of the population unable to afford sufficient calories,"The indicator expresses the percentage of the total population unable to afford an energy sufficient diet. A healthy diet is considered unaffordable in a country when its cost exceeds 52 percent of income per capita per day. This percentage accounts for a portion of income that can be credibly reserved for food, based on observations that the population in low-income countries spend, on average, 52 percent of their income on food, as derived from the 2017 national accounts household expenditure data of the World Bank's International Comparison Programme (ICP). Income data are provided by the World Bank’s Poverty and Inequality Platform. A value of zero indicates a null or a small number rounded down at the current precision level. Data are currently available for 2017.","Adapted from Herforth, A., Venkat, A., Bai, Y., Costlow, L., Holleman, C. & Masters, W.A. 2022. Methods and options to monitor globally the cost and affordability of a healthy diet. Background paper for The State of Food Security and Nutrition in the World 2022. Rome, FAO."
CoHD_headcount,Percent of the population unable to afford a healthy diet,"The indicator expresses the percentage of the total population unable to afford a healthy diet. A healthy diet is considered unaffordable in a country when its cost exceeds 52 percent of income per capita per day. This percentage accounts for a portion of income that can be credibly reserved for food, based on observations that the population in low-income countries spend, on average, 52 percent of their income on food, as derived from the 2017 national accounts household expenditure data of the World Bank's International Comparison Programme (ICP). Income data are provided by the World Bank’s Poverty and Inequality Platform. A value of zero indicates a null or a small number rounded down at the current precision level. Data are currently available for 2017, 2018, 2019, 2020 and 2021.","Adapted from Herforth, A., Venkat, A., Bai, Y., Costlow, L., Holleman, C. & Masters, W.A. 2022. Methods and options to monitor globally the cost and affordability of a healthy diet. Background paper for The State of Food Security and Nutrition in the World 2022. Rome, FAO."
Pop,Population,"Total population is based on the de facto definition of population, which counts all residents regardless of legal status or citizenship. The values shown are midyear estimates.","(1) United Nations Population Division. World Population Prospects: 2022 Revision. (2) Census reports and other statistical publications from national statistical offices, (3) Eurostat: Demographic Statistics, (4) United Nations Statistical Division. Population and Vital Statistics Reprot (various years), (5) U.S. Census Bureau: International Database, and (6) Secretariat of the Pacific Community: Statistics and Demography Programme."
